Time (s), Avg Current (mA), Avg Voltage (V), Avg Power (mW)
1460081125.587790, 300.500, 4.872, 1464.006
1460081125.587990, 303.000, 4.872, 1476.186
1460081125.588190, 285.000, 4.872, 1388.492
1460081125.588390, 285.000, 4.872, 1388.492
1460081125.588590, 283.500, 4.872, 1381.184
1460081125.588790, 283.500, 4.872, 1381.184
1460081125.588990, 282.500, 4.872, 1376.312
1460081125.589190, 282.500, 4.872, 1376.312
1460081125.589390, 283.000, 4.872, 1378.748
1460081125.589590, 284.500, 4.872, 1386.056
1460081125.589790, 285.000, 4.872, 1388.492
1460081125.589990, 285.000, 4.872, 1388.492
1460081125.590190, 282.000, 4.872, 1373.876
1460081125.590390, 285.500, 4.872, 1390.927
1460081125.590590, 285.500, 4.872, 1390.927
1460081125.590790, 286.500, 4.872, 1395.799
1460081125.590990, 286.500, 4.872, 1395.799
1460081125.591190, 289.500, 4.872, 1410.415
1460081125.591390, 292.500, 4.872, 1425.031
1460081125.591590, 289.500, 4.872, 1410.415
1460081125.591790, 287.500, 4.872, 1400.671
1460081125.591990, 291.000, 4.872, 1417.723
1460081125.592190, 291.500, 4.872, 1420.159
1460081125.592390, 291.000, 4.872, 1417.723
1460081125.592590, 289.500, 4.872, 1410.415
1460081125.592790, 290.000, 4.872, 1412.851
1460081125.592990, 292.000, 4.872, 1422.595
1460081125.593190, 290.000, 4.872, 1412.851
1460081125.593390, 287.500, 4.872, 1400.671
1460081125.593590, 287.000, 4.872, 1398.235
1460081125.593790, 291.000, 4.872, 1417.723
1460081125.593990, 287.500, 4.872, 1400.671
1460081125.594190, 286.500, 4.872, 1395.799
1460081125.594390, 284.500, 4.872, 1386.056
1460081125.594590, 284.000, 4.872, 1383.620
1460081125.594790, 284.000, 4.872, 1383.620
1460081125.594990, 285.500, 4.872, 1390.927
1460081125.595190, 284.000, 4.872, 1383.620
1460081125.595390, 284.500, 4.872, 1386.056
1460081125.595590, 285.500, 4.872, 1390.927
1460081125.595790, 285.000, 4.872, 1388.492
1460081125.595990, 285.500, 4.872, 1390.927
1460081125.596190, 286.000, 4.872, 1393.363
1460081125.596390, 286.500, 4.872, 1395.799
1460081125.596590, 284.000, 4.872, 1383.620
1460081125.596790, 285.000, 4.872, 1388.492
1460081125.596990, 284.500, 4.872, 1386.056
1460081125.597190, 284.500, 4.872, 1386.056
1460081125.597390, 300.500, 4.872, 1464.006
1460081125.597590, 291.500, 4.872, 1420.159
1460081125.597790, 285.000, 4.872, 1388.492
1460081125.597990, 285.000, 4.872, 1388.492
1460081125.598190, 285.000, 4.872, 1388.492
1460081125.598390, 285.500, 4.872, 1390.927
1460081125.598590, 284.500, 4.872, 1386.056
1460081125.598790, 286.000, 4.872, 1393.363
1460081125.598990, 286.500, 4.872, 1395.799
1460081125.599190, 285.500, 4.872, 1390.927
1460081125.599390, 285.500, 4.872, 1390.927
1460081125.599590, 285.500, 4.872, 1390.927
1460081125.599790, 286.000, 4.872, 1393.363
1460081125.599990, 286.500, 4.872, 1395.799
1460081125.600190, 286.000, 4.872, 1393.363
1460081125.600390, 284.500, 4.872, 1386.056
1460081125.600590, 284.000, 4.872, 1383.620
1460081125.600790, 284.000, 4.872, 1383.620
1460081125.600990, 284.000, 4.872, 1383.620
1460081125.601190, 284.000, 4.872, 1383.620
1460081125.601390, 284.000, 4.872, 1383.620
1460081125.601590, 286.500, 4.872, 1395.799
1460081125.601790, 288.500, 4.872, 1405.543
1460081125.601990, 285.000, 4.872, 1388.492
1460081125.602190, 284.000, 4.872, 1383.620
1460081125.602390, 283.500, 4.872, 1381.184
1460081125.602590, 285.000, 4.872, 1388.492
1460081125.602790, 285.000, 4.872, 1388.492
1460081125.602990, 283.500, 4.872, 1381.184
1460081125.603190, 284.000, 4.872, 1383.620
1460081125.603390, 284.000, 4.872, 1383.620
1460081125.603590, 286.000, 4.872, 1393.363
1460081125.603790, 285.500, 4.872, 1390.927
1460081125.603990, 292.000, 4.872, 1422.595
1460081125.604190, 293.000, 4.872, 1427.467
1460081125.604390, 291.500, 4.872, 1420.159
1460081125.604590, 291.500, 4.872, 1420.159
1460081125.604790, 295.000, 4.872, 1437.211
1460081125.604990, 295.000, 4.872, 1437.211
1460081125.605190, 293.000, 4.872, 1427.467
1460081125.605390, 294.000, 4.872, 1432.339
1460081125.605590, 292.000, 4.872, 1422.595
1460081125.605790, 289.500, 4.872, 1410.415
1460081125.605990, 295.000, 4.872, 1437.211
1460081125.606190, 281.500, 4.872, 1371.440
1460081125.606390, 283.500, 4.872, 1381.184
1460081125.606590, 283.000, 4.872, 1378.748
1460081125.606790, 283.500, 4.872, 1381.184
1460081125.606990, 283.500, 4.872, 1381.184
1460081125.607190, 283.000, 4.872, 1378.748
1460081125.607390, 284.500, 4.872, 1386.056
1460081125.607590, 285.000, 4.872, 1388.492
1460081125.607790, 285.000, 4.872, 1388.492
1460081125.607990, 284.500, 4.872, 1386.056
1460081125.608190, 284.500, 4.872, 1386.056
1460081125.608390, 285.500, 4.872, 1390.927
1460081125.608590, 287.000, 4.872, 1398.235
1460081125.608790, 288.000, 4.872, 1403.107
1460081125.608990, 285.500, 4.872, 1390.927
1460081125.609190, 285.000, 4.872, 1388.492
1460081125.609390, 284.500, 4.872, 1386.056
1460081125.609590, 291.000, 4.872, 1417.723
1460081125.609790, 292.500, 4.872, 1425.031
1460081125.609990, 287.000, 4.872, 1398.235
1460081125.610190, 286.000, 4.872, 1393.363
1460081125.610390, 286.000, 4.872, 1393.363
1460081125.610590, 286.000, 4.872, 1393.363
1460081125.610790, 286.000, 4.872, 1393.363
1460081125.610990, 286.000, 4.872, 1393.363
1460081125.611190, 286.000, 4.872, 1393.363
1460081125.611390, 286.000, 4.872, 1393.363
1460081125.611590, 288.000, 4.872, 1403.107
1460081125.611790, 287.500, 4.872, 1400.671
1460081125.611990, 289.000, 4.872, 1407.979
1460081125.612190, 287.500, 4.872, 1400.671
1460081125.612390, 286.000, 4.872, 1393.363
1460081125.612590, 286.500, 4.872, 1395.799
1460081125.612790, 286.500, 4.872, 1395.799
1460081125.612990, 285.500, 4.872, 1390.927
1460081125.613190, 286.000, 4.872, 1393.363
1460081125.613390, 286.000, 4.872, 1393.363
1460081125.613590, 285.500, 4.872, 1390.927
1460081125.613790, 285.500, 4.872, 1390.927
1460081125.613990, 285.000, 4.872, 1388.492
1460081125.614190, 285.000, 4.872, 1388.492
1460081125.614390, 285.500, 4.872, 1390.927
1460081125.614590, 284.500, 4.872, 1386.056
1460081125.614790, 284.000, 4.872, 1383.620
1460081125.614990, 284.000, 4.872, 1383.620
1460081125.615190, 286.000, 4.872, 1393.363
1460081125.615390, 286.000, 4.872, 1393.363
1460081125.615590, 285.500, 4.872, 1390.927
1460081125.615790, 286.000, 4.872, 1393.363
1460081125.615990, 285.500, 4.872, 1390.927
1460081125.616190, 286.000, 4.872, 1393.363
1460081125.616390, 284.500, 4.872, 1386.056
1460081125.616590, 286.000, 4.872, 1393.363
1460081125.616790, 286.000, 4.872, 1393.363
1460081125.616990, 285.500, 4.872, 1390.927
1460081125.617190, 285.500, 4.872, 1390.927
1460081125.617390, 284.000, 4.872, 1383.620
1460081125.617590, 286.500, 4.872, 1395.799
1460081125.617790, 288.000, 4.872, 1403.107
1460081125.617990, 285.500, 4.872, 1390.927
1460081125.618190, 284.000, 4.872, 1383.620
1460081125.618390, 284.500, 4.872, 1386.056
1460081125.618590, 284.000, 4.872, 1383.620
1460081125.618790, 284.500, 4.872, 1386.056
1460081125.618990, 285.000, 4.872, 1388.492
1460081125.619190, 285.000, 4.872, 1388.492
1460081125.619390, 285.500, 4.872, 1390.927
1460081125.619590, 286.500, 4.872, 1395.799
1460081125.619790, 286.000, 4.872, 1393.363
1460081125.619990, 288.000, 4.872, 1403.107
1460081125.620190, 286.000, 4.872, 1393.363
1460081125.620390, 286.000, 4.872, 1393.363
1460081125.620590, 285.000, 4.872, 1388.492
1460081125.620790, 284.000, 4.872, 1383.620
1460081125.620990, 283.500, 4.872, 1381.184
1460081125.621190, 283.500, 4.872, 1381.184
1460081125.621390, 283.500, 4.872, 1381.184
1460081125.621590, 285.000, 4.872, 1388.492
1460081125.621790, 284.000, 4.872, 1383.620
1460081125.621990, 290.000, 4.872, 1412.851
1460081125.622190, 291.000, 4.872, 1417.723
1460081125.622390, 288.500, 4.872, 1405.543
1460081125.622590, 290.000, 4.872, 1412.851
1460081125.622790, 294.000, 4.872, 1432.339
1460081125.622990, 294.000, 4.872, 1432.339
1460081125.623190, 292.000, 4.872, 1422.595
1460081125.623390, 293.000, 4.872, 1427.467
1460081125.623590, 291.500, 4.872, 1420.159
1460081125.623790, 288.000, 4.872, 1403.107
1460081125.623990, 293.500, 4.872, 1429.903
1460081125.624190, 281.000, 4.872, 1369.004
1460081125.624390, 284.500, 4.872, 1386.056
1460081125.624590, 285.000, 4.872, 1388.492
1460081125.624790, 285.000, 4.872, 1388.492
1460081125.624990, 284.000, 4.872, 1383.620
1460081125.625190, 284.000, 4.872, 1383.620
1460081125.625390, 285.000, 4.872, 1388.492
1460081125.625590, 286.500, 4.872, 1395.799
1460081125.625790, 288.000, 4.872, 1403.107
1460081125.625990, 285.000, 4.872, 1388.492
1460081125.626190, 284.500, 4.872, 1386.056
1460081125.626390, 285.000, 4.872, 1388.492
1460081125.626590, 284.000, 4.872, 1383.620
1460081125.626790, 284.500, 4.872, 1386.056
1460081125.626990, 284.500, 4.872, 1386.056
1460081125.627190, 284.000, 4.872, 1383.620
1460081125.627390, 283.500, 4.872, 1381.184
1460081125.627590, 286.500, 4.872, 1395.799
1460081125.627790, 286.000, 4.872, 1393.363
1460081125.627990, 287.000, 4.872, 1398.235
1460081125.628190, 284.500, 4.872, 1386.056
1460081125.628390, 284.000, 4.872, 1383.620
1460081125.628590, 284.000, 4.872, 1383.620
1460081125.628790, 284.000, 4.872, 1383.620
1460081125.628990, 284.000, 4.872, 1383.620
1460081125.629190, 284.000, 4.872, 1383.620
1460081125.629390, 284.000, 4.872, 1383.620
1460081125.629590, 284.000, 4.872, 1383.620
1460081125.629790, 283.500, 4.872, 1381.184
1460081125.629990, 284.000, 4.872, 1383.620
1460081125.630190, 284.000, 4.872, 1383.620
1460081125.630390, 284.500, 4.872, 1386.056
1460081125.630590, 284.000, 4.872, 1383.620
1460081125.630790, 284.000, 4.872, 1383.620
1460081125.630990, 283.500, 4.872, 1381.184
1460081125.631190, 283.500, 4.872, 1381.184
1460081125.631390, 284.000, 4.872, 1383.620
1460081125.631590, 284.500, 4.872, 1386.056
1460081125.631790, 284.000, 4.872, 1383.620
1460081125.631990, 284.000, 4.872, 1383.620
1460081125.632190, 284.000, 4.872, 1383.620
1460081125.632390, 283.500, 4.872, 1381.184
1460081125.632590, 284.500, 4.872, 1386.056
1460081125.632790, 284.500, 4.872, 1386.056
1460081125.632990, 283.000, 4.872, 1378.748
1460081125.633190, 284.000, 4.872, 1383.620
1460081125.633390, 284.500, 4.872, 1386.056
1460081125.633590, 285.500, 4.872, 1390.927
1460081125.633790, 286.500, 4.872, 1395.799
1460081125.633990, 284.500, 4.872, 1386.056
1460081125.634190, 284.000, 4.872, 1383.620
1460081125.634390, 284.500, 4.872, 1386.056
1460081125.634590, 284.000, 4.872, 1383.620
1460081125.634790, 283.500, 4.872, 1381.184
1460081125.634990, 284.000, 4.872, 1383.620
1460081125.635190, 284.000, 4.872, 1383.620
1460081125.635390, 284.000, 4.872, 1383.620
1460081125.635590, 285.000, 4.872, 1388.492
1460081125.635790, 285.000, 4.872, 1388.492
1460081125.635990, 287.000, 4.872, 1398.235
1460081125.636190, 285.000, 4.872, 1388.492
1460081125.636390, 284.000, 4.872, 1383.620
1460081125.636590, 284.500, 4.872, 1386.056
1460081125.636790, 284.500, 4.872, 1386.056
1460081125.636990, 284.000, 4.872, 1383.620
1460081125.637190, 283.500, 4.872, 1381.184
1460081125.637390, 283.500, 4.872, 1381.184
1460081125.637590, 283.500, 4.872, 1381.184
1460081125.637790, 284.000, 4.872, 1383.620
1460081125.637990, 283.500, 4.872, 1381.184
1460081125.638190, 283.500, 4.872, 1381.184
1460081125.638390, 283.000, 4.872, 1378.748
1460081125.638590, 282.500, 4.872, 1376.312
1460081125.638790, 283.000, 4.872, 1378.748
1460081125.638990, 283.500, 4.872, 1381.184
1460081125.639190, 284.000, 4.872, 1383.620
1460081125.639390, 282.500, 4.872, 1376.312
1460081125.639590, 286.000, 4.872, 1393.363
1460081125.639790, 285.500, 4.872, 1390.927
1460081125.639990, 288.500, 4.872, 1405.543
1460081125.640190, 291.000, 4.872, 1417.723
1460081125.640390, 290.000, 4.872, 1412.851
1460081125.640590, 291.500, 4.872, 1420.159
1460081125.640790, 295.000, 4.872, 1437.211
1460081125.640990, 297.000, 4.872, 1446.954
1460081125.641190, 295.500, 4.872, 1439.646
1460081125.641390, 295.500, 4.872, 1439.646
1460081125.641590, 295.000, 4.872, 1437.211
1460081125.641790, 293.500, 4.872, 1429.903
1460081125.641990, 296.000, 4.872, 1442.082
1460081125.642190, 282.500, 4.872, 1376.312
1460081125.642390, 284.500, 4.872, 1386.056
1460081125.642590, 285.000, 4.872, 1388.492
1460081125.642790, 284.500, 4.872, 1386.056
1460081125.642990, 284.500, 4.872, 1386.056
1460081125.643190, 284.000, 4.872, 1383.620
1460081125.643390, 284.000, 4.872, 1383.620
1460081125.643590, 286.000, 4.872, 1393.363
1460081125.643790, 285.500, 4.872, 1390.927
1460081125.643990, 286.500, 4.872, 1395.799
1460081125.644190, 285.000, 4.872, 1388.492
1460081125.644390, 284.500, 4.872, 1386.056
1460081125.644590, 285.000, 4.872, 1388.492
1460081125.644790, 284.000, 4.872, 1383.620
1460081125.644990, 284.500, 4.872, 1386.056
1460081125.645190, 284.500, 4.872, 1386.056
1460081125.645390, 284.500, 4.872, 1386.056
1460081125.645590, 284.500, 4.872, 1386.056
1460081125.645790, 284.500, 4.872, 1386.056
1460081125.645990, 284.500, 4.872, 1386.056
1460081125.646190, 284.500, 4.872, 1386.056
1460081125.646390, 284.500, 4.872, 1386.056
1460081125.646590, 284.500, 4.872, 1386.056
1460081125.646790, 284.500, 4.872, 1386.056
1460081125.646990, 284.500, 4.872, 1386.056
1460081125.647190, 284.500, 4.872, 1386.056
1460081125.647390, 300.500, 4.872, 1464.006
1460081125.647590, 295.000, 4.872, 1437.211
1460081125.647790, 287.500, 4.872, 1400.671
1460081125.647990, 285.500, 4.872, 1390.927
1460081125.648190, 284.500, 4.872, 1386.056
1460081125.648390, 284.500, 4.872, 1386.056
1460081125.648590, 284.000, 4.872, 1383.620
1460081125.648790, 284.500, 4.872, 1386.056
1460081125.648990, 284.500, 4.872, 1386.056
1460081125.649190, 285.000, 4.872, 1388.492
1460081125.649390, 284.000, 4.872, 1383.620
1460081125.649590, 286.000, 4.872, 1393.363
1460081125.649790, 287.000, 4.872, 1398.235
1460081125.649990, 285.500, 4.872, 1390.927
1460081125.650190, 284.500, 4.872, 1386.056
1460081125.650390, 283.500, 4.872, 1381.184
1460081125.650590, 284.500, 4.872, 1386.056
1460081125.650790, 284.000, 4.872, 1383.620
1460081125.650990, 284.000, 4.872, 1383.620
1460081125.651190, 284.500, 4.872, 1386.056
1460081125.651390, 284.000, 4.872, 1383.620
1460081125.651590, 286.000, 4.872, 1393.363
1460081125.651790, 286.000, 4.872, 1393.363
1460081125.651990, 287.000, 4.872, 1398.235
1460081125.652190, 285.500, 4.872, 1390.927
1460081125.652390, 284.500, 4.872, 1386.056
1460081125.652590, 285.000, 4.872, 1388.492
1460081125.652790, 285.000, 4.872, 1388.492
1460081125.652990, 285.500, 4.872, 1390.927
1460081125.653190, 285.000, 4.872, 1388.492
1460081125.653390, 285.000, 4.872, 1388.492
1460081125.653590, 284.500, 4.872, 1386.056
1460081125.653790, 284.000, 4.872, 1383.620
1460081125.653990, 284.500, 4.872, 1386.056
1460081125.654190, 284.000, 4.872, 1383.620
1460081125.654390, 285.000, 4.872, 1388.492
1460081125.654590, 285.000, 4.872, 1388.492
1460081125.654790, 284.500, 4.872, 1386.056
1460081125.654990, 283.500, 4.872, 1381.184
1460081125.655190, 283.500, 4.872, 1381.184
1460081125.655390, 284.000, 4.872, 1383.620
1460081125.655590, 283.000, 4.872, 1378.748
1460081125.655790, 283.000, 4.872, 1378.748
1460081125.655990, 282.500, 4.872, 1376.312
1460081125.656190, 284.000, 4.872, 1383.620
1460081125.656390, 284.000, 4.872, 1383.620
1460081125.656590, 282.000, 4.872, 1373.876
1460081125.656790, 282.500, 4.872, 1376.312
1460081125.656990, 283.000, 4.872, 1378.748
1460081125.657190, 282.000, 4.872, 1373.876
1460081125.657390, 283.000, 4.872, 1378.748
1460081125.657590, 287.000, 4.872, 1398.235
1460081125.657790, 287.500, 4.872, 1400.671
1460081125.657990, 289.500, 4.872, 1410.415
1460081125.658190, 292.000, 4.872, 1422.595
1460081125.658390, 289.500, 4.872, 1410.415
1460081125.658590, 291.500, 4.872, 1420.159
1460081125.658790, 294.500, 4.872, 1434.775
1460081125.658990, 296.000, 4.872, 1442.082
1460081125.659190, 293.500, 4.872, 1429.903
1460081125.659390, 295.000, 4.872, 1437.211
1460081125.659590, 295.000, 4.872, 1437.211
1460081125.659790, 292.500, 4.872, 1425.031
1460081125.659990, 313.500, 4.872, 1527.341
1460081125.660190, 288.500, 4.872, 1405.543
1460081125.660390, 286.500, 4.872, 1395.799
1460081125.660590, 284.500, 4.872, 1386.056
1460081125.660790, 284.000, 4.872, 1383.620
1460081125.660990, 284.000, 4.872, 1383.620
1460081125.661190, 285.000, 4.872, 1388.492
1460081125.661390, 285.000, 4.872, 1388.492
1460081125.661590, 284.500, 4.872, 1386.056
1460081125.661790, 284.500, 4.872, 1386.056
1460081125.661990, 284.000, 4.872, 1383.620
1460081125.662190, 284.500, 4.872, 1386.056
1460081125.662390, 284.000, 4.872, 1383.620
1460081125.662590, 284.500, 4.872, 1386.056
1460081125.662790, 284.500, 4.872, 1386.056
1460081125.662990, 283.500, 4.872, 1381.184
1460081125.663190, 284.500, 4.872, 1386.056
1460081125.663390, 284.000, 4.872, 1383.620
1460081125.663590, 284.000, 4.872, 1383.620
1460081125.663790, 284.000, 4.872, 1383.620
1460081125.663990, 284.000, 4.872, 1383.620
1460081125.664190, 284.000, 4.872, 1383.620
1460081125.664390, 285.000, 4.872, 1388.492
1460081125.664590, 284.500, 4.872, 1386.056
1460081125.664790, 284.000, 4.872, 1383.620
1460081125.664990, 284.000, 4.872, 1383.620
1460081125.665190, 284.000, 4.872, 1383.620
1460081125.665390, 284.000, 4.872, 1383.620
1460081125.665590, 286.000, 4.872, 1393.363
1460081125.665790, 287.500, 4.872, 1400.671
1460081125.665990, 285.000, 4.872, 1388.492
1460081125.666190, 284.500, 4.872, 1386.056
1460081125.666390, 283.000, 4.872, 1378.748
1460081125.666590, 284.500, 4.872, 1386.056
1460081125.666790, 284.500, 4.872, 1386.056
1460081125.666990, 284.000, 4.872, 1383.620
1460081125.667190, 284.000, 4.872, 1383.620
1460081125.667390, 284.000, 4.872, 1383.620
1460081125.667590, 286.500, 4.872, 1395.799
1460081125.667790, 286.000, 4.872, 1393.363
1460081125.667990, 287.000, 4.872, 1398.235
1460081125.668190, 284.500, 4.872, 1386.056
1460081125.668390, 284.000, 4.872, 1383.620
1460081125.668590, 283.500, 4.872, 1381.184
1460081125.668790, 284.000, 4.872, 1383.620
1460081125.668990, 283.500, 4.872, 1381.184
1460081125.669190, 284.000, 4.872, 1383.620
1460081125.669390, 284.000, 4.872, 1383.620
1460081125.669590, 284.000, 4.872, 1383.620
1460081125.669790, 283.500, 4.872, 1381.184
1460081125.669990, 283.000, 4.872, 1378.748
1460081125.670190, 285.000, 4.872, 1388.492
1460081125.670390, 284.500, 4.872, 1386.056
1460081125.670590, 285.000, 4.872, 1388.492
1460081125.670790, 285.000, 4.872, 1388.492
1460081125.670990, 284.500, 4.872, 1386.056
1460081125.671190, 284.000, 4.872, 1383.620
1460081125.671390, 284.500, 4.872, 1386.056
1460081125.671590, 283.500, 4.872, 1381.184
1460081125.671790, 283.500, 4.872, 1381.184
1460081125.671990, 284.000, 4.872, 1383.620
1460081125.672190, 282.500, 4.872, 1376.312
1460081125.672390, 282.500, 4.872, 1376.312
1460081125.672590, 283.000, 4.872, 1378.748
1460081125.672790, 284.000, 4.872, 1383.620
1460081125.672990, 282.500, 4.872, 1376.312
1460081125.673190, 282.500, 4.872, 1376.312
1460081125.673390, 283.500, 4.872, 1381.184
1460081125.673590, 284.500, 4.872, 1386.056
1460081125.673790, 286.500, 4.872, 1395.799
1460081125.673990, 283.500, 4.872, 1381.184
1460081125.674190, 284.500, 4.872, 1386.056
1460081125.674390, 285.000, 4.872, 1388.492
1460081125.674590, 285.000, 4.872, 1388.492
1460081125.674790, 284.500, 4.872, 1386.056
1460081125.674990, 284.000, 4.872, 1383.620
1460081125.675190, 283.500, 4.872, 1381.184
1460081125.675390, 283.500, 4.872, 1381.184
1460081125.675590, 285.000, 4.872, 1388.492
1460081125.675790, 285.000, 4.872, 1388.492
1460081125.675990, 290.500, 4.872, 1415.287
1460081125.676190, 292.000, 4.872, 1422.595
1460081125.676390, 289.500, 4.872, 1410.415
1460081125.676590, 290.500, 4.872, 1415.287
1460081125.676790, 294.000, 4.872, 1432.339
1460081125.676990, 295.000, 4.872, 1437.211
1460081125.677190, 293.000, 4.872, 1427.467
1460081125.677390, 294.000, 4.872, 1432.339
1460081125.677590, 293.000, 4.872, 1427.467
1460081125.677790, 290.000, 4.872, 1412.851
1460081125.677990, 295.000, 4.872, 1437.211
1460081125.678190, 282.000, 4.872, 1373.876
1460081125.678390, 284.500, 4.872, 1386.056
1460081125.678590, 284.000, 4.872, 1383.620
1460081125.678790, 284.000, 4.872, 1383.620
1460081125.678990, 284.000, 4.872, 1383.620
1460081125.679190, 284.000, 4.872, 1383.620
1460081125.679390, 284.000, 4.872, 1383.620
1460081125.679590, 284.000, 4.872, 1383.620
1460081125.679790, 284.000, 4.872, 1383.620
1460081125.679990, 283.000, 4.872, 1378.748
1460081125.680190, 283.500, 4.872, 1381.184
1460081125.680390, 284.500, 4.872, 1386.056
1460081125.680590, 284.000, 4.872, 1383.620
1460081125.680790, 284.500, 4.872, 1386.056
1460081125.680990, 284.500, 4.872, 1386.056
1460081125.681190, 285.500, 4.872, 1390.927
1460081125.681390, 284.500, 4.872, 1386.056
1460081125.681590, 286.000, 4.872, 1393.363
1460081125.681790, 286.500, 4.872, 1395.799
1460081125.681990, 285.000, 4.872, 1388.492
1460081125.682190, 285.000, 4.872, 1388.492
1460081125.682390, 286.000, 4.872, 1393.363
1460081125.682590, 285.500, 4.872, 1390.927
1460081125.682790, 284.500, 4.872, 1386.056
1460081125.682990, 284.000, 4.872, 1383.620
1460081125.683190, 282.500, 4.872, 1376.312
1460081125.683390, 285.000, 4.872, 1388.492
1460081125.683590, 286.000, 4.872, 1393.363
1460081125.683790, 286.000, 4.872, 1393.363
1460081125.683990, 287.000, 4.872, 1398.235
1460081125.684190, 285.500, 4.872, 1390.927
1460081125.684390, 285.500, 4.872, 1390.927
1460081125.684590, 284.500, 4.872, 1386.056
1460081125.684790, 285.000, 4.872, 1388.492
1460081125.684990, 284.500, 4.872, 1386.056
1460081125.685190, 285.000, 4.872, 1388.492
1460081125.685390, 285.000, 4.872, 1388.492
1460081125.685590, 285.500, 4.872, 1390.927
1460081125.685790, 284.500, 4.872, 1386.056
1460081125.685990, 284.500, 4.872, 1386.056
1460081125.686190, 284.000, 4.872, 1383.620
1460081125.686390, 284.500, 4.872, 1386.056
1460081125.686590, 284.000, 4.872, 1383.620
1460081125.686790, 284.000, 4.872, 1383.620
1460081125.686990, 283.500, 4.872, 1381.184
1460081125.687190, 282.500, 4.872, 1376.312
1460081125.687390, 283.000, 4.872, 1378.748
1460081125.687590, 283.500, 4.872, 1381.184
1460081125.687790, 294.500, 4.872, 1434.775
1460081125.687990, 296.000, 4.872, 1442.082
1460081125.688190, 285.500, 4.872, 1390.927
1460081125.688390, 283.000, 4.872, 1378.748
1460081125.688590, 283.000, 4.872, 1378.748
1460081125.688790, 284.500, 4.872, 1386.056
1460081125.688990, 283.000, 4.872, 1378.748
1460081125.689190, 282.000, 4.872, 1373.876
1460081125.689390, 283.500, 4.872, 1381.184
1460081125.689590, 286.000, 4.872, 1393.363
1460081125.689790, 286.500, 4.872, 1395.799
1460081125.689990, 283.500, 4.872, 1381.184
1460081125.690190, 282.500, 4.872, 1376.312
1460081125.690390, 283.500, 4.872, 1381.184
1460081125.690590, 284.500, 4.872, 1386.056
1460081125.690790, 284.000, 4.872, 1383.620
1460081125.690990, 284.500, 4.872, 1386.056
1460081125.691190, 283.500, 4.872, 1381.184
1460081125.691390, 284.000, 4.872, 1383.620
1460081125.691590, 285.500, 4.872, 1390.927
1460081125.691790, 284.500, 4.872, 1386.056
1460081125.691990, 287.000, 4.872, 1398.235
1460081125.692190, 285.000, 4.872, 1388.492
1460081125.692390, 284.000, 4.872, 1383.620
1460081125.692590, 285.500, 4.872, 1390.927
1460081125.692790, 286.000, 4.872, 1393.363
1460081125.692990, 285.000, 4.872, 1388.492
1460081125.693190, 284.000, 4.872, 1383.620
1460081125.693390, 283.500, 4.872, 1381.184
1460081125.693590, 283.500, 4.872, 1381.184
1460081125.693790, 284.000, 4.872, 1383.620
1460081125.693990, 288.000, 4.872, 1403.107
1460081125.694190, 290.500, 4.872, 1415.287
1460081125.694390, 291.000, 4.872, 1417.723
1460081125.694590, 291.000, 4.872, 1417.723
1460081125.694790, 294.500, 4.872, 1434.775
1460081125.694990, 296.500, 4.872, 1444.518
1460081125.695190, 292.500, 4.872, 1425.031
1460081125.695390, 294.000, 4.872, 1432.339
1460081125.695590, 294.000, 4.872, 1432.339
1460081125.695790, 291.000, 4.872, 1417.723
1460081125.695990, 295.500, 4.872, 1439.646
1460081125.696190, 282.500, 4.872, 1376.312
1460081125.696390, 285.000, 4.872, 1388.492
1460081125.696590, 284.000, 4.872, 1383.620
1460081125.696790, 284.500, 4.872, 1386.056
1460081125.696990, 283.500, 4.872, 1381.184
1460081125.697190, 283.500, 4.872, 1381.184
1460081125.697390, 284.000, 4.872, 1383.620
1460081125.697590, 286.500, 4.872, 1395.799
1460081125.697790, 289.000, 4.872, 1407.979
1460081125.697990, 286.000, 4.872, 1393.363
1460081125.698190, 283.500, 4.872, 1381.184
1460081125.698390, 286.000, 4.872, 1393.363
1460081125.698590, 285.000, 4.872, 1388.492
1460081125.698790, 285.500, 4.872, 1390.927
1460081125.698990, 285.500, 4.872, 1390.927
1460081125.699190, 285.500, 4.872, 1390.927
1460081125.699390, 285.500, 4.872, 1390.927
1460081125.699590, 287.000, 4.872, 1398.235
1460081125.699790, 285.000, 4.872, 1388.492
1460081125.699990, 287.500, 4.872, 1400.671
1460081125.700190, 287.500, 4.872, 1400.671
1460081125.700390, 287.000, 4.872, 1398.235
1460081125.700590, 286.500, 4.872, 1395.799
1460081125.700790, 285.500, 4.872, 1390.927
1460081125.700990, 284.500, 4.872, 1386.056
1460081125.701190, 283.500, 4.872, 1381.184
1460081125.701390, 284.500, 4.872, 1386.056
1460081125.701590, 285.000, 4.872, 1388.492
1460081125.701790, 285.000, 4.872, 1388.492
1460081125.701990, 284.500, 4.872, 1386.056
1460081125.702190, 283.500, 4.872, 1381.184
1460081125.702390, 283.500, 4.872, 1381.184
1460081125.702590, 284.000, 4.872, 1383.620
1460081125.702790, 284.000, 4.872, 1383.620
1460081125.702990, 284.000, 4.872, 1383.620
1460081125.703190, 283.500, 4.872, 1381.184
1460081125.703390, 283.500, 4.872, 1381.184
1460081125.703590, 283.500, 4.872, 1381.184
1460081125.703790, 283.500, 4.872, 1381.184
1460081125.703990, 283.500, 4.872, 1381.184
1460081125.704190, 283.500, 4.872, 1381.184
1460081125.704390, 284.000, 4.872, 1383.620
1460081125.704590, 284.000, 4.872, 1383.620
1460081125.704790, 284.500, 4.872, 1386.056
1460081125.704990, 283.500, 4.872, 1381.184
1460081125.705190, 283.000, 4.872, 1378.748
1460081125.705390, 284.500, 4.872, 1386.056
1460081125.705590, 285.500, 4.872, 1390.927
1460081125.705790, 286.000, 4.872, 1393.363
1460081125.705990, 285.500, 4.872, 1390.927
1460081125.706190, 284.000, 4.872, 1383.620
1460081125.706390, 283.500, 4.872, 1381.184
1460081125.706590, 283.000, 4.872, 1378.748
1460081125.706790, 283.500, 4.872, 1381.184
1460081125.706990, 285.000, 4.872, 1388.492
1460081125.707190, 283.500, 4.872, 1381.184
1460081125.707390, 284.000, 4.872, 1383.620
1460081125.707590, 288.000, 4.872, 1403.107
1460081125.707790, 287.500, 4.872, 1400.671
1460081125.707990, 288.500, 4.872, 1405.543
1460081125.708190, 286.000, 4.872, 1393.363
1460081125.708390, 285.500, 4.872, 1390.927
1460081125.708590, 286.000, 4.872, 1393.363
1460081125.708790, 285.000, 4.872, 1388.492
1460081125.708990, 286.000, 4.872, 1393.363
1460081125.709190, 285.000, 4.872, 1388.492
1460081125.709390, 284.000, 4.872, 1383.620
1460081125.709590, 284.000, 4.872, 1383.620
1460081125.709790, 283.500, 4.872, 1381.184
1460081125.709990, 283.500, 4.872, 1381.184
1460081125.710190, 283.000, 4.872, 1378.748
1460081125.710390, 284.000, 4.872, 1383.620
1460081125.710590, 284.000, 4.872, 1383.620
1460081125.710790, 283.500, 4.872, 1381.184
1460081125.710990, 284.000, 4.872, 1383.620
1460081125.711190, 284.500, 4.872, 1386.056
1460081125.711390, 285.000, 4.872, 1388.492
1460081125.711590, 285.000, 4.872, 1388.492
1460081125.711790, 284.000, 4.872, 1383.620
1460081125.711990, 288.000, 4.872, 1403.107
1460081125.712190, 291.000, 4.872, 1417.723
1460081125.712390, 289.000, 4.872, 1407.979
1460081125.712590, 290.500, 4.872, 1415.287
1460081125.712790, 294.000, 4.872, 1432.339
1460081125.712990, 295.000, 4.872, 1437.211
1460081125.713190, 292.500, 4.872, 1425.031
1460081125.713390, 293.500, 4.872, 1429.903
1460081125.713590, 294.000, 4.872, 1432.339
1460081125.713790, 293.000, 4.872, 1427.467
1460081125.713990, 296.000, 4.872, 1442.082
1460081125.714190, 282.000, 4.872, 1373.876
1460081125.714390, 285.000, 4.872, 1388.492
1460081125.714590, 284.000, 4.872, 1383.620
1460081125.714790, 284.000, 4.872, 1383.620
1460081125.714990, 284.500, 4.872, 1386.056
1460081125.715190, 285.000, 4.872, 1388.492
1460081125.715390, 285.000, 4.872, 1388.492
1460081125.715590, 285.500, 4.872, 1390.927
1460081125.715790, 283.000, 4.872, 1378.748
1460081125.715990, 289.500, 4.872, 1410.415
1460081125.716190, 287.500, 4.872, 1400.671
1460081125.716390, 288.000, 4.872, 1403.107
1460081125.716590, 285.000, 4.872, 1388.492
1460081125.716790, 281.500, 4.872, 1371.440
1460081125.716990, 287.000, 4.872, 1398.235
1460081125.717190, 287.000, 4.872, 1398.235
1460081125.717390, 287.500, 4.872, 1400.671
1460081125.717590, 288.000, 4.872, 1403.107
1460081125.717790, 285.500, 4.872, 1390.927
1460081125.717990, 285.000, 4.872, 1388.492
1460081125.718190, 283.000, 4.872, 1378.748
1460081125.718390, 282.500, 4.872, 1376.312
1460081125.718590, 286.000, 4.872, 1393.363
1460081125.718790, 283.000, 4.872, 1378.748
1460081125.718990, 284.500, 4.872, 1386.056
1460081125.719190, 283.500, 4.872, 1381.184
1460081125.719390, 285.500, 4.872, 1390.927
1460081125.719590, 284.500, 4.872, 1386.056
1460081125.719790, 284.500, 4.872, 1386.056
1460081125.719990, 284.000, 4.872, 1383.620
1460081125.720190, 284.000, 4.872, 1383.620
1460081125.720390, 281.000, 4.872, 1369.004
1460081125.720590, 285.000, 4.872, 1388.492
1460081125.720790, 285.500, 4.872, 1390.927
1460081125.720990, 284.500, 4.872, 1386.056
1460081125.721190, 285.000, 4.872, 1388.492
1460081125.721390, 285.500, 4.872, 1390.927
1460081125.721590, 286.000, 4.872, 1393.363
1460081125.721790, 286.500, 4.872, 1395.799
1460081125.721990, 286.000, 4.872, 1393.363
1460081125.722190, 283.500, 4.872, 1381.184
1460081125.722390, 283.500, 4.872, 1381.184
1460081125.722590, 286.000, 4.872, 1393.363
1460081125.722790, 286.000, 4.872, 1393.363
1460081125.722990, 284.000, 4.872, 1383.620
1460081125.723190, 283.000, 4.872, 1378.748
1460081125.723390, 283.000, 4.872, 1378.748
1460081125.723590, 284.000, 4.872, 1383.620
1460081125.723790, 284.000, 4.872, 1383.620
1460081125.723990, 291.500, 4.872, 1420.159
1460081125.724190, 291.000, 4.872, 1417.723
1460081125.724390, 287.000, 4.872, 1398.235
1460081125.724590, 286.000, 4.872, 1393.363
1460081125.724790, 285.000, 4.872, 1388.492
1460081125.724990, 285.500, 4.872, 1390.927
1460081125.725190, 284.500, 4.872, 1386.056
1460081125.725390, 284.500, 4.872, 1386.056
1460081125.725590, 285.000, 4.872, 1388.492
1460081125.725790, 286.000, 4.872, 1393.363
1460081125.725990, 285.000, 4.872, 1388.492
1460081125.726190, 284.500, 4.872, 1386.056
1460081125.726390, 285.000, 4.872, 1388.492
1460081125.726590, 284.500, 4.872, 1386.056
1460081125.726790, 286.000, 4.872, 1393.363
1460081125.726990, 285.500, 4.872, 1390.927
1460081125.727190, 284.500, 4.872, 1386.056
1460081125.727390, 291.500, 4.872, 1420.159
1460081125.727590, 288.500, 4.872, 1405.543
1460081125.727790, 286.000, 4.872, 1393.363
1460081125.727990, 284.500, 4.872, 1386.056
1460081125.728190, 285.500, 4.872, 1390.927
1460081125.728390, 286.000, 4.872, 1393.363
1460081125.728590, 286.500, 4.872, 1395.799
1460081125.728790, 286.500, 4.872, 1395.799
1460081125.728990, 286.000, 4.872, 1393.363
1460081125.729190, 284.500, 4.872, 1386.056
1460081125.729390, 284.500, 4.872, 1386.056
1460081125.729590, 287.500, 4.872, 1400.671
1460081125.729790, 289.500, 4.872, 1410.415
1460081125.729990, 289.000, 4.872, 1407.979
1460081125.730190, 292.000, 4.872, 1422.595
1460081125.730390, 290.000, 4.872, 1412.851
1460081125.730590, 291.000, 4.872, 1417.723
1460081125.730790, 294.500, 4.872, 1434.775
1460081125.730990, 295.500, 4.872, 1439.646
1460081125.731190, 293.500, 4.872, 1429.903
1460081125.731390, 295.000, 4.872, 1437.211
1460081125.731590, 294.500, 4.872, 1434.775
1460081125.731790, 293.000, 4.872, 1427.467
1460081125.731990, 299.500, 4.872, 1459.134
1460081125.732190, 284.000, 4.872, 1383.620
1460081125.732390, 284.500, 4.872, 1386.056
1460081125.732590, 285.500, 4.872, 1390.927
1460081125.732790, 286.000, 4.872, 1393.363
1460081125.732990, 285.000, 4.872, 1388.492
1460081125.733190, 283.000, 4.872, 1378.748
1460081125.733390, 284.000, 4.872, 1383.620
1460081125.733590, 284.500, 4.872, 1386.056
1460081125.733790, 285.000, 4.872, 1388.492
1460081125.733990, 281.500, 4.872, 1371.440
1460081125.734190, 288.500, 4.872, 1405.543
1460081125.734390, 288.000, 4.872, 1403.107
1460081125.734590, 287.500, 4.872, 1400.671
1460081125.734790, 285.500, 4.872, 1390.927
1460081125.734990, 286.000, 4.872, 1393.363
1460081125.735190, 286.000, 4.872, 1393.363
1460081125.735390, 285.000, 4.872, 1388.492
1460081125.735590, 286.000, 4.872, 1393.363
1460081125.735790, 285.500, 4.872, 1390.927
1460081125.735990, 285.500, 4.872, 1390.927
1460081125.736190, 284.500, 4.872, 1386.056
1460081125.736390, 286.000, 4.872, 1393.363
1460081125.736590, 284.500, 4.872, 1386.056
1460081125.736790, 284.000, 4.872, 1383.620
1460081125.736990, 283.500, 4.872, 1381.184
1460081125.737190, 284.000, 4.872, 1383.620
1460081125.737390, 284.000, 4.872, 1383.620
1460081125.737590, 286.500, 4.872, 1395.799
1460081125.737790, 286.500, 4.872, 1395.799
1460081125.737990, 285.000, 4.872, 1388.492
1460081125.738190, 284.000, 4.872, 1383.620
1460081125.738390, 283.000, 4.872, 1378.748
1460081125.738590, 282.500, 4.872, 1376.312
1460081125.738790, 284.500, 4.872, 1386.056
1460081125.738990, 283.500, 4.872, 1381.184
1460081125.739190, 283.500, 4.872, 1381.184
1460081125.739390, 283.500, 4.872, 1381.184
1460081125.739590, 284.500, 4.872, 1386.056
1460081125.739790, 284.500, 4.872, 1386.056
1460081125.739990, 286.000, 4.872, 1393.363
1460081125.740190, 284.000, 4.872, 1383.620
1460081125.740390, 282.000, 4.872, 1373.876
1460081125.740590, 283.000, 4.872, 1378.748
1460081125.740790, 283.000, 4.872, 1378.748
1460081125.740990, 283.500, 4.872, 1381.184
1460081125.741190, 283.000, 4.872, 1378.748
1460081125.741390, 285.000, 4.872, 1388.492
1460081125.741590, 286.000, 4.872, 1393.363
1460081125.741790, 285.500, 4.872, 1390.927
1460081125.741990, 284.500, 4.872, 1386.056
1460081125.742190, 286.000, 4.872, 1393.363
1460081125.742390, 286.500, 4.872, 1395.799
1460081125.742590, 286.000, 4.872, 1393.363
1460081125.742790, 285.500, 4.872, 1390.927
1460081125.742990, 286.000, 4.872, 1393.363
1460081125.743190, 286.000, 4.872, 1393.363
1460081125.743390, 286.000, 4.872, 1393.363
1460081125.743590, 286.000, 4.872, 1393.363
1460081125.743790, 284.500, 4.872, 1386.056
1460081125.743990, 285.000, 4.872, 1388.492
1460081125.744190, 284.500, 4.872, 1386.056
1460081125.744390, 285.000, 4.872, 1388.492
1460081125.744590, 283.500, 4.872, 1381.184
1460081125.744790, 284.500, 4.872, 1386.056
1460081125.744990, 284.000, 4.872, 1383.620
1460081125.745190, 282.500, 4.872, 1376.312
1460081125.745390, 283.500, 4.872, 1381.184
1460081125.745590, 285.500, 4.872, 1390.927
1460081125.745790, 288.000, 4.872, 1403.107
1460081125.745990, 285.000, 4.872, 1388.492
1460081125.746190, 283.000, 4.872, 1378.748
1460081125.746390, 284.500, 4.872, 1386.056
1460081125.746590, 284.500, 4.872, 1386.056
1460081125.746790, 284.500, 4.872, 1386.056
1460081125.746990, 283.500, 4.872, 1381.184
1460081125.747190, 284.000, 4.872, 1383.620
1460081125.747390, 284.000, 4.872, 1383.620
1460081125.747590, 287.000, 4.872, 1398.235
1460081125.747790, 287.000, 4.872, 1398.235
1460081125.747990, 290.000, 4.872, 1412.851
1460081125.748190, 293.500, 4.872, 1429.903
1460081125.748390, 290.500, 4.872, 1415.287
1460081125.748590, 291.000, 4.872, 1417.723
1460081125.748790, 293.500, 4.872, 1429.903
1460081125.748990, 295.500, 4.872, 1439.646
1460081125.749190, 294.000, 4.872, 1432.339
1460081125.749390, 295.500, 4.872, 1439.646
1460081125.749590, 295.000, 4.872, 1437.211
1460081125.749790, 291.000, 4.872, 1417.723
1460081125.749990, 298.000, 4.872, 1451.826
1460081125.750190, 284.500, 4.872, 1386.056
1460081125.750390, 285.500, 4.872, 1390.927
1460081125.750590, 285.500, 4.872, 1390.927
1460081125.750790, 285.500, 4.872, 1390.927
1460081125.750990, 285.000, 4.872, 1388.492
1460081125.751190, 283.500, 4.872, 1381.184
1460081125.751390, 285.000, 4.872, 1388.492
1460081125.751590, 285.000, 4.872, 1388.492
1460081125.751790, 285.500, 4.872, 1390.927
1460081125.751990, 284.500, 4.872, 1386.056
1460081125.752190, 284.500, 4.872, 1386.056
1460081125.752390, 284.000, 4.872, 1383.620
1460081125.752590, 283.000, 4.872, 1378.748
1460081125.752790, 283.000, 4.872, 1378.748
1460081125.752990, 284.500, 4.872, 1386.056
1460081125.753190, 284.000, 4.872, 1383.620
1460081125.753390, 284.500, 4.872, 1386.056
1460081125.753590, 284.500, 4.872, 1386.056
1460081125.753790, 287.500, 4.872, 1400.671
1460081125.753990, 285.500, 4.872, 1390.927
1460081125.754190, 284.000, 4.872, 1383.620
1460081125.754390, 285.000, 4.872, 1388.492
1460081125.754590, 284.500, 4.872, 1386.056
1460081125.754790, 285.500, 4.872, 1390.927
1460081125.754990, 284.500, 4.872, 1386.056
1460081125.755190, 283.500, 4.872, 1381.184
1460081125.755390, 283.500, 4.872, 1381.184
1460081125.755590, 286.000, 4.872, 1393.363
1460081125.755790, 285.500, 4.872, 1390.927
1460081125.755990, 287.000, 4.872, 1398.235
1460081125.756190, 285.000, 4.872, 1388.492
1460081125.756390, 284.500, 4.872, 1386.056
1460081125.756590, 284.500, 4.872, 1386.056
1460081125.756790, 284.000, 4.872, 1383.620
1460081125.756990, 283.500, 4.872, 1381.184
1460081125.757190, 284.000, 4.872, 1383.620
1460081125.757390, 283.500, 4.872, 1381.184
1460081125.757590, 285.000, 4.872, 1388.492
1460081125.757790, 284.500, 4.872, 1386.056
1460081125.757990, 285.500, 4.872, 1390.927
1460081125.758190, 285.000, 4.872, 1388.492
1460081125.758390, 285.000, 4.872, 1388.492
1460081125.758590, 285.500, 4.872, 1390.927
1460081125.758790, 284.500, 4.872, 1386.056
1460081125.758990, 285.500, 4.872, 1390.927
1460081125.759190, 285.500, 4.872, 1390.927
1460081125.759390, 285.000, 4.872, 1388.492
1460081125.759590, 284.500, 4.872, 1386.056
1460081125.759790, 285.500, 4.872, 1390.927
1460081125.759990, 285.000, 4.872, 1388.492
1460081125.760190, 285.000, 4.872, 1388.492
1460081125.760390, 284.000, 4.872, 1383.620
1460081125.760590, 286.000, 4.872, 1393.363
1460081125.760790, 286.000, 4.872, 1393.363
1460081125.760990, 285.000, 4.872, 1388.492
1460081125.761190, 284.000, 4.872, 1383.620
1460081125.761390, 285.500, 4.872, 1390.927
1460081125.761590, 287.000, 4.872, 1398.235
1460081125.761790, 288.000, 4.872, 1403.107
1460081125.761990, 285.000, 4.872, 1388.492
1460081125.762190, 284.500, 4.872, 1386.056
1460081125.762390, 284.500, 4.872, 1386.056
1460081125.762590, 284.000, 4.872, 1383.620
1460081125.762790, 298.500, 4.872, 1454.262
1460081125.762990, 290.500, 4.872, 1415.287
1460081125.763190, 286.500, 4.872, 1395.799
1460081125.763390, 285.500, 4.872, 1390.927
1460081125.763590, 287.000, 4.872, 1398.235
1460081125.763790, 286.500, 4.872, 1395.799
1460081125.763990, 289.000, 4.872, 1407.979
1460081125.764190, 287.000, 4.872, 1398.235
1460081125.764390, 286.500, 4.872, 1395.799
1460081125.764590, 284.500, 4.872, 1386.056
1460081125.764790, 286.000, 4.872, 1393.363
1460081125.764990, 285.500, 4.872, 1390.927
1460081125.765190, 285.000, 4.872, 1388.492
1460081125.765390, 284.000, 4.872, 1383.620
1460081125.765590, 285.000, 4.872, 1388.492
1460081125.765790, 285.000, 4.872, 1388.492
1460081125.765990, 288.000, 4.872, 1403.107
1460081125.766190, 291.500, 4.872, 1420.159
1460081125.766390, 290.000, 4.872, 1412.851
1460081125.766590, 290.500, 4.872, 1415.287
1460081125.766790, 295.000, 4.872, 1437.211
1460081125.766990, 297.000, 4.872, 1446.954
1460081125.767190, 293.500, 4.872, 1429.903
1460081125.767390, 294.000, 4.872, 1432.339
1460081125.767590, 293.500, 4.872, 1429.903
1460081125.767790, 290.000, 4.872, 1412.851
1460081125.767990, 295.500, 4.872, 1439.646
1460081125.768190, 282.000, 4.872, 1373.876
1460081125.768390, 285.000, 4.872, 1388.492
1460081125.768590, 284.500, 4.872, 1386.056
1460081125.768790, 283.000, 4.872, 1378.748
1460081125.768990, 283.500, 4.872, 1381.184
1460081125.769190, 284.000, 4.872, 1383.620
1460081125.769390, 284.000, 4.872, 1383.620
1460081125.769590, 285.500, 4.872, 1390.927
1460081125.769790, 287.000, 4.872, 1398.235
1460081125.769990, 285.000, 4.872, 1388.492
1460081125.770190, 284.000, 4.872, 1383.620
1460081125.770390, 284.000, 4.872, 1383.620
1460081125.770590, 283.000, 4.872, 1378.748
1460081125.770790, 284.000, 4.872, 1383.620
1460081125.770990, 284.500, 4.872, 1386.056
1460081125.771190, 284.500, 4.872, 1386.056
1460081125.771390, 284.500, 4.872, 1386.056
1460081125.771590, 285.500, 4.872, 1390.927
1460081125.771790, 285.000, 4.872, 1388.492
1460081125.771990, 286.500, 4.872, 1395.799
1460081125.772190, 285.000, 4.872, 1388.492
1460081125.772390, 283.500, 4.872, 1381.184
1460081125.772590, 283.000, 4.872, 1378.748
1460081125.772790, 285.500, 4.872, 1390.927
1460081125.772990, 284.000, 4.872, 1383.620
1460081125.773190, 283.000, 4.872, 1378.748
1460081125.773390, 283.500, 4.872, 1381.184
1460081125.773590, 283.500, 4.872, 1381.184
1460081125.773790, 283.500, 4.872, 1381.184
1460081125.773990, 283.000, 4.872, 1378.748
1460081125.774190, 284.500, 4.872, 1386.056
1460081125.774390, 285.000, 4.872, 1388.492
1460081125.774590, 285.000, 4.872, 1388.492
1460081125.774790, 285.000, 4.872, 1388.492
1460081125.774990, 284.500, 4.872, 1386.056
1460081125.775190, 285.000, 4.872, 1388.492
1460081125.775390, 285.000, 4.872, 1388.492
1460081125.775590, 285.000, 4.872, 1388.492
1460081125.775790, 285.000, 4.872, 1388.492
1460081125.775990, 285.000, 4.872, 1388.492
1460081125.776190, 285.000, 4.872, 1388.492
1460081125.776390, 285.000, 4.872, 1388.492
1460081125.776590, 285.000, 4.872, 1388.492
1460081125.776790, 285.000, 4.872, 1388.492
1460081125.776990, 284.500, 4.872, 1386.056
1460081125.777190, 284.500, 4.872, 1386.056
1460081125.777390, 284.500, 4.872, 1386.056
1460081125.777590, 286.000, 4.872, 1393.363
1460081125.777790, 288.000, 4.872, 1403.107
1460081125.777990, 286.000, 4.872, 1393.363
1460081125.778190, 285.000, 4.872, 1388.492
1460081125.778390, 285.500, 4.872, 1390.927
1460081125.778590, 285.500, 4.872, 1390.927
1460081125.778790, 285.500, 4.872, 1390.927
1460081125.778990, 286.000, 4.872, 1393.363
1460081125.779190, 285.500, 4.872, 1390.927
1460081125.779390, 285.500, 4.872, 1390.927
1460081125.779590, 286.500, 4.872, 1395.799
1460081125.779790, 286.500, 4.872, 1395.799
1460081125.779990, 287.500, 4.872, 1400.671
1460081125.780190, 285.500, 4.872, 1390.927
1460081125.780390, 284.500, 4.872, 1386.056
1460081125.780590, 284.000, 4.872, 1383.620
1460081125.780790, 284.000, 4.872, 1383.620
1460081125.780990, 284.500, 4.872, 1386.056
1460081125.781190, 284.500, 4.872, 1386.056
1460081125.781390, 285.000, 4.872, 1388.492
1460081125.781590, 285.000, 4.872, 1388.492
1460081125.781790, 284.500, 4.872, 1386.056
1460081125.781990, 285.000, 4.872, 1388.492
1460081125.782190, 284.500, 4.872, 1386.056
1460081125.782390, 285.000, 4.872, 1388.492
1460081125.782590, 285.000, 4.872, 1388.492
1460081125.782790, 285.500, 4.872, 1390.927
1460081125.782990, 285.500, 4.872, 1390.927
1460081125.783190, 284.500, 4.872, 1386.056
1460081125.783390, 286.500, 4.872, 1395.799
1460081125.783590, 285.500, 4.872, 1390.927
1460081125.783790, 285.500, 4.872, 1390.927
1460081125.783990, 289.000, 4.872, 1407.979
1460081125.784190, 292.000, 4.872, 1422.595
1460081125.784390, 290.500, 4.872, 1415.287
1460081125.784590, 291.500, 4.872, 1420.159
1460081125.784790, 294.000, 4.872, 1432.339
1460081125.784990, 296.000, 4.872, 1442.082
1460081125.785190, 294.000, 4.872, 1432.339
1460081125.785390, 295.000, 4.872, 1437.211
1460081125.785590, 295.500, 4.872, 1439.646
1460081125.785790, 294.000, 4.872, 1432.339
1460081125.785990, 297.500, 4.872, 1449.390
1460081125.786190, 283.500, 4.872, 1381.184
1460081125.786390, 285.500, 4.872, 1390.927
1460081125.786590, 285.500, 4.872, 1390.927
1460081125.786790, 285.500, 4.872, 1390.927
1460081125.786990, 285.000, 4.872, 1388.492
1460081125.787190, 284.500, 4.872, 1386.056
1460081125.787390, 284.500, 4.872, 1386.056
1460081125.787590, 286.500, 4.872, 1395.799
1460081125.787790, 287.500, 4.872, 1400.671
1460081125.787990, 295.000, 4.872, 1437.211
1460081125.788190, 298.000, 4.872, 1451.826
1460081125.788390, 287.500, 4.872, 1400.671
1460081125.788590, 285.000, 4.872, 1388.492
1460081125.788790, 285.500, 4.872, 1390.927
1460081125.788990, 284.500, 4.872, 1386.056
1460081125.789190, 283.500, 4.872, 1381.184
1460081125.789390, 284.500, 4.872, 1386.056
1460081125.789590, 284.000, 4.872, 1383.620
1460081125.789790, 283.000, 4.872, 1378.748
1460081125.789990, 284.000, 4.872, 1383.620
1460081125.790190, 283.000, 4.872, 1378.748
1460081125.790390, 284.000, 4.872, 1383.620
1460081125.790590, 283.500, 4.872, 1381.184
1460081125.790790, 284.000, 4.872, 1383.620
1460081125.790990, 285.000, 4.872, 1388.492
1460081125.791190, 285.500, 4.872, 1390.927
1460081125.791390, 284.000, 4.872, 1383.620
1460081125.791590, 286.000, 4.872, 1393.363
1460081125.791790, 286.000, 4.872, 1393.363
1460081125.791990, 286.000, 4.872, 1393.363
1460081125.792190, 285.500, 4.872, 1390.927
1460081125.792390, 285.500, 4.872, 1390.927
1460081125.792590, 292.500, 4.872, 1425.031
1460081125.792790, 293.500, 4.872, 1429.903
1460081125.792990, 288.000, 4.872, 1403.107
1460081125.793190, 285.500, 4.872, 1390.927
1460081125.793390, 287.500, 4.872, 1400.671
1460081125.793590, 288.000, 4.872, 1403.107
1460081125.793790, 290.000, 4.872, 1412.851
1460081125.793990, 287.000, 4.872, 1398.235
1460081125.794190, 285.500, 4.872, 1390.927
1460081125.794390, 286.500, 4.872, 1395.799
1460081125.794590, 286.500, 4.872, 1395.799
1460081125.794790, 287.500, 4.872, 1400.671
1460081125.794990, 286.500, 4.872, 1395.799
1460081125.795190, 285.500, 4.872, 1390.927
1460081125.795390, 285.500, 4.872, 1390.927
1460081125.795590, 286.500, 4.872, 1395.799
1460081125.795790, 286.500, 4.872, 1395.799
1460081125.795990, 289.000, 4.872, 1407.979
1460081125.796190, 287.500, 4.872, 1400.671
1460081125.796390, 285.500, 4.872, 1390.927
1460081125.796590, 285.000, 4.872, 1388.492
1460081125.796790, 285.500, 4.872, 1390.927
1460081125.796990, 286.000, 4.872, 1393.363
1460081125.797190, 284.500, 4.872, 1386.056
1460081125.797390, 299.500, 4.872, 1459.134
1460081125.797590, 294.000, 4.872, 1432.339
1460081125.797790, 287.500, 4.872, 1400.671
1460081125.797990, 286.500, 4.872, 1395.799
1460081125.798190, 285.000, 4.872, 1388.492
1460081125.798390, 285.500, 4.872, 1390.927
1460081125.798590, 285.000, 4.872, 1388.492
1460081125.798790, 285.500, 4.872, 1390.927
1460081125.798990, 285.000, 4.872, 1388.492
1460081125.799190, 285.000, 4.872, 1388.492
1460081125.799390, 285.000, 4.872, 1388.492
1460081125.799590, 284.500, 4.872, 1386.056
1460081125.799790, 285.000, 4.872, 1388.492
1460081125.799990, 286.000, 4.872, 1393.363
1460081125.800190, 286.000, 4.872, 1393.363
1460081125.800390, 285.500, 4.872, 1390.927
1460081125.800590, 285.000, 4.872, 1388.492
1460081125.800790, 285.000, 4.872, 1388.492
1460081125.800990, 283.500, 4.872, 1381.184
1460081125.801190, 284.500, 4.872, 1386.056
1460081125.801390, 284.500, 4.872, 1386.056
1460081125.801590, 286.500, 4.872, 1395.799
1460081125.801790, 288.000, 4.872, 1403.107
1460081125.801990, 289.000, 4.872, 1407.979
1460081125.802190, 292.500, 4.872, 1425.031
1460081125.802390, 290.500, 4.872, 1415.287
1460081125.802590, 291.500, 4.872, 1420.159
1460081125.802790, 296.000, 4.872, 1442.082
1460081125.802990, 297.000, 4.872, 1446.954
1460081125.803190, 294.000, 4.872, 1432.339
1460081125.803390, 296.500, 4.872, 1444.518
1460081125.803590, 296.000, 4.872, 1442.082
1460081125.803790, 293.500, 4.872, 1429.903
1460081125.803990, 300.500, 4.872, 1464.006
1460081125.804190, 284.000, 4.872, 1383.620
1460081125.804390, 286.500, 4.872, 1395.799
1460081125.804590, 284.500, 4.872, 1386.056
1460081125.804790, 284.000, 4.872, 1383.620
1460081125.804990, 284.500, 4.872, 1386.056
1460081125.805190, 284.000, 4.872, 1383.620
1460081125.805390, 285.500, 4.872, 1390.927
1460081125.805590, 284.500, 4.872, 1386.056
1460081125.805790, 285.000, 4.872, 1388.492
1460081125.805990, 285.000, 4.872, 1388.492
1460081125.806190, 284.500, 4.872, 1386.056
1460081125.806390, 284.000, 4.872, 1383.620
1460081125.806590, 284.000, 4.872, 1383.620
1460081125.806790, 284.000, 4.872, 1383.620
1460081125.806990, 285.000, 4.872, 1388.492
1460081125.807190, 283.500, 4.872, 1381.184
1460081125.807390, 282.500, 4.872, 1376.312
1460081125.807590, 284.500, 4.872, 1386.056
1460081125.807790, 286.000, 4.872, 1393.363
1460081125.807990, 285.000, 4.872, 1388.492
1460081125.808190, 284.500, 4.872, 1386.056
1460081125.808390, 284.000, 4.872, 1383.620
1460081125.808590, 283.500, 4.872, 1381.184
1460081125.808790, 283.500, 4.872, 1381.184
1460081125.808990, 284.000, 4.872, 1383.620
1460081125.809190, 284.000, 4.872, 1383.620
1460081125.809390, 286.000, 4.872, 1393.363
1460081125.809590, 287.500, 4.872, 1400.671
1460081125.809790, 289.000, 4.872, 1407.979
1460081125.809990, 286.500, 4.872, 1395.799
1460081125.810190, 285.500, 4.872, 1390.927
1460081125.810390, 285.500, 4.872, 1390.927
1460081125.810590, 284.500, 4.872, 1386.056
1460081125.810790, 285.500, 4.872, 1390.927
1460081125.810990, 285.500, 4.872, 1390.927
1460081125.811190, 285.000, 4.872, 1388.492
1460081125.811390, 285.500, 4.872, 1390.927
1460081125.811590, 286.000, 4.872, 1393.363
1460081125.811790, 286.000, 4.872, 1393.363
1460081125.811990, 287.500, 4.872, 1400.671
1460081125.812190, 285.500, 4.872, 1390.927
1460081125.812390, 285.000, 4.872, 1388.492
1460081125.812590, 284.000, 4.872, 1383.620
1460081125.812790, 285.000, 4.872, 1388.492
1460081125.812990, 284.500, 4.872, 1386.056
1460081125.813190, 284.500, 4.872, 1386.056
1460081125.813390, 284.000, 4.872, 1383.620
1460081125.813590, 284.000, 4.872, 1383.620
1460081125.813790, 284.000, 4.872, 1383.620
1460081125.813990, 284.000, 4.872, 1383.620
1460081125.814190, 284.000, 4.872, 1383.620
1460081125.814390, 284.500, 4.872, 1386.056
1460081125.814590, 284.500, 4.872, 1386.056
1460081125.814790, 284.000, 4.872, 1383.620
1460081125.814990, 284.500, 4.872, 1386.056
1460081125.815190, 284.000, 4.872, 1383.620
1460081125.815390, 284.000, 4.872, 1383.620
1460081125.815590, 284.500, 4.872, 1386.056
1460081125.815790, 284.500, 4.872, 1386.056
1460081125.815990, 284.500, 4.872, 1386.056
1460081125.816190, 284.500, 4.872, 1386.056
1460081125.816390, 284.000, 4.872, 1383.620
1460081125.816590, 283.000, 4.872, 1378.748
1460081125.816790, 285.000, 4.872, 1388.492
1460081125.816990, 285.000, 4.872, 1388.492
1460081125.817190, 284.000, 4.872, 1383.620
1460081125.817390, 297.500, 4.872, 1449.390
1460081125.817590, 309.000, 4.872, 1505.417
1460081125.817790, 309.000, 4.872, 1505.417
1460081125.817990, 293.000, 4.872, 1427.467
1460081125.818190, 287.000, 4.872, 1398.235
1460081125.818390, 286.000, 4.872, 1393.363
1460081125.818590, 285.500, 4.872, 1390.927
1460081125.818790, 286.500, 4.872, 1395.799
1460081125.818990, 286.000, 4.872, 1393.363
1460081125.819190, 285.500, 4.872, 1390.927
1460081125.819390, 285.500, 4.872, 1390.927
1460081125.819590, 287.000, 4.872, 1398.235
1460081125.819790, 288.000, 4.872, 1403.107
1460081125.819990, 292.500, 4.872, 1425.031
1460081125.820190, 295.000, 4.872, 1437.211
1460081125.820390, 292.000, 4.872, 1422.595
1460081125.820590, 291.000, 4.872, 1417.723
1460081125.820790, 292.500, 4.872, 1425.031
1460081125.820990, 296.000, 4.872, 1442.082
1460081125.821190, 296.500, 4.872, 1444.518
1460081125.821390, 297.500, 4.872, 1449.390
1460081125.821590, 296.000, 4.872, 1442.082
1460081125.821790, 291.500, 4.872, 1420.159
1460081125.821990, 296.000, 4.872, 1442.082
1460081125.822190, 282.000, 4.872, 1373.876
1460081125.822390, 284.500, 4.872, 1386.056
1460081125.822590, 284.000, 4.872, 1383.620
1460081125.822790, 285.500, 4.872, 1390.927
1460081125.822990, 284.000, 4.872, 1383.620
1460081125.823190, 284.500, 4.872, 1386.056
1460081125.823390, 285.000, 4.872, 1388.492
1460081125.823590, 284.500, 4.872, 1386.056
1460081125.823790, 284.000, 4.872, 1383.620
1460081125.823990, 284.000, 4.872, 1383.620
1460081125.824190, 282.000, 4.872, 1373.876
1460081125.824390, 285.500, 4.872, 1390.927
1460081125.824590, 288.000, 4.872, 1403.107
1460081125.824790, 286.500, 4.872, 1395.799
1460081125.824990, 286.500, 4.872, 1395.799
1460081125.825190, 288.000, 4.872, 1403.107
1460081125.825390, 286.500, 4.872, 1395.799
1460081125.825590, 286.500, 4.872, 1395.799
1460081125.825790, 288.500, 4.872, 1405.543
1460081125.825990, 287.000, 4.872, 1398.235
1460081125.826190, 286.500, 4.872, 1395.799
1460081125.826390, 286.000, 4.872, 1393.363
1460081125.826590, 286.000, 4.872, 1393.363
1460081125.826790, 285.500, 4.872, 1390.927
1460081125.826990, 286.000, 4.872, 1393.363
1460081125.827190, 284.500, 4.872, 1386.056
1460081125.827390, 284.500, 4.872, 1386.056
1460081125.827590, 287.000, 4.872, 1398.235
1460081125.827790, 288.500, 4.872, 1405.543
1460081125.827990, 292.500, 4.872, 1425.031
1460081125.828190, 292.000, 4.872, 1422.595
1460081125.828390, 287.500, 4.872, 1400.671
1460081125.828590, 286.000, 4.872, 1393.363
1460081125.828790, 285.500, 4.872, 1390.927
1460081125.828990, 286.000, 4.872, 1393.363
1460081125.829190, 285.500, 4.872, 1390.927
1460081125.829390, 285.500, 4.872, 1390.927
1460081125.829590, 285.500, 4.872, 1390.927
1460081125.829790, 285.500, 4.872, 1390.927
1460081125.829990, 286.000, 4.872, 1393.363
1460081125.830190, 285.500, 4.872, 1390.927
1460081125.830390, 286.000, 4.872, 1393.363
1460081125.830590, 285.000, 4.872, 1388.492
1460081125.830790, 285.500, 4.872, 1390.927
1460081125.830990, 285.500, 4.872, 1390.927
1460081125.831190, 285.500, 4.872, 1390.927
1460081125.831390, 285.000, 4.872, 1388.492
1460081125.831590, 284.500, 4.872, 1386.056
1460081125.831790, 284.500, 4.872, 1386.056
1460081125.831990, 284.500, 4.872, 1386.056
1460081125.832190, 285.000, 4.872, 1388.492
1460081125.832390, 285.000, 4.872, 1388.492
1460081125.832590, 284.000, 4.872, 1383.620
1460081125.832790, 285.000, 4.872, 1388.492
1460081125.832990, 284.500, 4.872, 1386.056
1460081125.833190, 283.500, 4.872, 1381.184
1460081125.833390, 282.500, 4.872, 1376.312
1460081125.833590, 283.500, 4.872, 1381.184
1460081125.833790, 289.500, 4.872, 1410.415
1460081125.833990, 288.500, 4.872, 1405.543
1460081125.834190, 287.000, 4.872, 1398.235
1460081125.834390, 285.500, 4.872, 1390.927
1460081125.834590, 284.500, 4.872, 1386.056
1460081125.834790, 284.500, 4.872, 1386.056
1460081125.834990, 285.000, 4.872, 1388.492
1460081125.835190, 285.000, 4.872, 1388.492
1460081125.835390, 285.000, 4.872, 1388.492
1460081125.835590, 285.500, 4.872, 1390.927
1460081125.835790, 285.500, 4.872, 1390.927
1460081125.835990, 287.500, 4.872, 1400.671
1460081125.836190, 285.500, 4.872, 1390.927
1460081125.836390, 285.000, 4.872, 1388.492
1460081125.836590, 284.000, 4.872, 1383.620
1460081125.836790, 284.500, 4.872, 1386.056
1460081125.836990, 284.500, 4.872, 1386.056
1460081125.837190, 284.500, 4.872, 1386.056
1460081125.837390, 283.500, 4.872, 1381.184
1460081125.837590, 285.000, 4.872, 1388.492
1460081125.837790, 284.500, 4.872, 1386.056
1460081125.837990, 288.500, 4.872, 1405.543
1460081125.838190, 291.500, 4.872, 1420.159
1460081125.838390, 288.500, 4.872, 1405.543
1460081125.838590, 289.000, 4.872, 1407.979
1460081125.838790, 295.500, 4.872, 1439.646
1460081125.838990, 296.000, 4.872, 1442.082
1460081125.839190, 293.500, 4.872, 1429.903
1460081125.839390, 295.500, 4.872, 1439.646
1460081125.839590, 292.500, 4.872, 1425.031
1460081125.839790, 290.000, 4.872, 1412.851
1460081125.839990, 294.500, 4.872, 1434.775
1460081125.840190, 281.000, 4.872, 1369.004
1460081125.840390, 284.000, 4.872, 1383.620
1460081125.840590, 283.000, 4.872, 1378.748
1460081125.840790, 283.000, 4.872, 1378.748
1460081125.840990, 283.500, 4.872, 1381.184
1460081125.841190, 284.500, 4.872, 1386.056
1460081125.841390, 284.500, 4.872, 1386.056
1460081125.841590, 286.500, 4.872, 1395.799
1460081125.841790, 288.500, 4.872, 1405.543
1460081125.841990, 285.500, 4.872, 1390.927
1460081125.842190, 284.500, 4.872, 1386.056
1460081125.842390, 284.500, 4.872, 1386.056
1460081125.842590, 284.500, 4.872, 1386.056
1460081125.842790, 285.000, 4.872, 1388.492
1460081125.842990, 285.000, 4.872, 1388.492
1460081125.843190, 284.500, 4.872, 1386.056
1460081125.843390, 284.000, 4.872, 1383.620
1460081125.843590, 285.500, 4.872, 1390.927
1460081125.843790, 286.500, 4.872, 1395.799
1460081125.843990, 289.000, 4.872, 1407.979
1460081125.844190, 287.500, 4.872, 1400.671
1460081125.844390, 287.500, 4.872, 1400.671
1460081125.844590, 286.500, 4.872, 1395.799
1460081125.844790, 286.000, 4.872, 1393.363
1460081125.844990, 286.500, 4.872, 1395.799
1460081125.845190, 285.500, 4.872, 1390.927
1460081125.845390, 286.500, 4.872, 1395.799
1460081125.845590, 286.500, 4.872, 1395.799
1460081125.845790, 286.000, 4.872, 1393.363
1460081125.845990, 284.500, 4.872, 1386.056
1460081125.846190, 286.000, 4.872, 1393.363
1460081125.846390, 285.000, 4.872, 1388.492
1460081125.846590, 285.500, 4.872, 1390.927
1460081125.846790, 284.500, 4.872, 1386.056
1460081125.846990, 284.000, 4.872, 1383.620
1460081125.847190, 284.000, 4.872, 1383.620
1460081125.847390, 284.000, 4.872, 1383.620
1460081125.847590, 284.000, 4.872, 1383.620
1460081125.847790, 284.000, 4.872, 1383.620
1460081125.847990, 283.500, 4.872, 1381.184
1460081125.848190, 284.500, 4.872, 1386.056
1460081125.848390, 285.500, 4.872, 1390.927
1460081125.848590, 285.000, 4.872, 1388.492
1460081125.848790, 284.000, 4.872, 1383.620
1460081125.848990, 283.500, 4.872, 1381.184
1460081125.849190, 283.000, 4.872, 1378.748
1460081125.849390, 283.500, 4.872, 1381.184
1460081125.849590, 286.000, 4.872, 1393.363
1460081125.849790, 289.000, 4.872, 1407.979
1460081125.849990, 285.500, 4.872, 1390.927
1460081125.850190, 284.000, 4.872, 1383.620
1460081125.850390, 285.500, 4.872, 1390.927
1460081125.850590, 286.000, 4.872, 1393.363
1460081125.850790, 284.000, 4.872, 1383.620
1460081125.850990, 287.000, 4.872, 1398.235
1460081125.851190, 288.000, 4.872, 1403.107
1460081125.851390, 287.000, 4.872, 1398.235
1460081125.851590, 287.000, 4.872, 1398.235
1460081125.851790, 287.000, 4.872, 1398.235
1460081125.851990, 289.000, 4.872, 1407.979
1460081125.852190, 287.500, 4.872, 1400.671
1460081125.852390, 286.000, 4.872, 1393.363
1460081125.852590, 286.000, 4.872, 1393.363
1460081125.852790, 286.000, 4.872, 1393.363
1460081125.852990, 286.000, 4.872, 1393.363
1460081125.853190, 285.500, 4.872, 1390.927
1460081125.853390, 284.500, 4.872, 1386.056
1460081125.853590, 285.500, 4.872, 1390.927
1460081125.853790, 286.000, 4.872, 1393.363
1460081125.853990, 286.500, 4.872, 1395.799
1460081125.854190, 285.500, 4.872, 1390.927
1460081125.854390, 286.000, 4.872, 1393.363
1460081125.854590, 285.500, 4.872, 1390.927
1460081125.854790, 285.500, 4.872, 1390.927
1460081125.854990, 296.000, 4.872, 1442.082
1460081125.855190, 290.000, 4.872, 1412.851
1460081125.855390, 286.500, 4.872, 1395.799
1460081125.855590, 285.500, 4.872, 1390.927
1460081125.855790, 285.000, 4.872, 1388.492
1460081125.855990, 289.000, 4.872, 1407.979
1460081125.856190, 292.500, 4.872, 1425.031
1460081125.856390, 290.000, 4.872, 1412.851
1460081125.856590, 291.000, 4.872, 1417.723
1460081125.856790, 294.000, 4.872, 1432.339
1460081125.856990, 296.000, 4.872, 1442.082
1460081125.857190, 293.000, 4.872, 1427.467
1460081125.857390, 294.000, 4.872, 1432.339
1460081125.857590, 296.500, 4.872, 1444.518
1460081125.857790, 297.000, 4.872, 1446.954
1460081125.857990, 298.500, 4.872, 1454.262
1460081125.858190, 284.000, 4.872, 1383.620
1460081125.858390, 286.500, 4.872, 1395.799
1460081125.858590, 285.500, 4.872, 1390.927
1460081125.858790, 286.500, 4.872, 1395.799
1460081125.858990, 286.000, 4.872, 1393.363
1460081125.859190, 286.000, 4.872, 1393.363
1460081125.859390, 286.000, 4.872, 1393.363
1460081125.859590, 287.000, 4.872, 1398.235
1460081125.859790, 288.000, 4.872, 1403.107
1460081125.859990, 289.000, 4.872, 1407.979
1460081125.860190, 288.000, 4.872, 1403.107
1460081125.860390, 286.500, 4.872, 1395.799
1460081125.860590, 285.500, 4.872, 1390.927
1460081125.860790, 285.000, 4.872, 1388.492
1460081125.860990, 285.000, 4.872, 1388.492
1460081125.861190, 284.500, 4.872, 1386.056
1460081125.861390, 284.500, 4.872, 1386.056
1460081125.861590, 284.500, 4.872, 1386.056
1460081125.861790, 285.000, 4.872, 1388.492
1460081125.861990, 284.500, 4.872, 1386.056
1460081125.862190, 284.500, 4.872, 1386.056
1460081125.862390, 284.500, 4.872, 1386.056
1460081125.862590, 284.500, 4.872, 1386.056
1460081125.862790, 285.500, 4.872, 1390.927
1460081125.862990, 284.500, 4.872, 1386.056
1460081125.863190, 286.000, 4.872, 1393.363
1460081125.863390, 285.500, 4.872, 1390.927
1460081125.863590, 286.000, 4.872, 1393.363
1460081125.863790, 286.000, 4.872, 1393.363
1460081125.863990, 286.500, 4.872, 1395.799
1460081125.864190, 286.000, 4.872, 1393.363
1460081125.864390, 286.500, 4.872, 1395.799
1460081125.864590, 287.500, 4.872, 1400.671
1460081125.864790, 290.500, 4.872, 1415.287
1460081125.864990, 287.000, 4.872, 1398.235
1460081125.865190, 286.500, 4.872, 1395.799
1460081125.865390, 285.500, 4.872, 1390.927
1460081125.865590, 286.000, 4.872, 1393.363
1460081125.865790, 289.000, 4.872, 1407.979
1460081125.865990, 285.500, 4.872, 1390.927
1460081125.866190, 286.500, 4.872, 1395.799
1460081125.866390, 286.000, 4.872, 1393.363
1460081125.866590, 284.500, 4.872, 1386.056
1460081125.866790, 285.500, 4.872, 1390.927
1460081125.866990, 286.500, 4.872, 1395.799
1460081125.867190, 286.500, 4.872, 1395.799
1460081125.867390, 285.500, 4.872, 1390.927
1460081125.867590, 287.000, 4.872, 1398.235
1460081125.867790, 288.000, 4.872, 1403.107
1460081125.867990, 288.000, 4.872, 1403.107
1460081125.868190, 298.500, 4.872, 1454.262
1460081125.868390, 290.000, 4.872, 1412.851
1460081125.868590, 286.500, 4.872, 1395.799
1460081125.868790, 285.000, 4.872, 1388.492
1460081125.868990, 286.000, 4.872, 1393.363
1460081125.869190, 286.000, 4.872, 1393.363
1460081125.869390, 285.500, 4.872, 1390.927
1460081125.869590, 283.500, 4.872, 1381.184
1460081125.869790, 286.000, 4.872, 1393.363
1460081125.869990, 286.500, 4.872, 1395.799
1460081125.870190, 285.500, 4.872, 1390.927
1460081125.870390, 285.500, 4.872, 1390.927
1460081125.870590, 285.500, 4.872, 1390.927
1460081125.870790, 287.000, 4.872, 1398.235
1460081125.870990, 285.000, 4.872, 1388.492
1460081125.871190, 286.000, 4.872, 1393.363
1460081125.871390, 286.000, 4.872, 1393.363
1460081125.871590, 285.500, 4.872, 1390.927
1460081125.871790, 284.500, 4.872, 1386.056
1460081125.871990, 285.000, 4.872, 1388.492
1460081125.872190, 283.000, 4.872, 1378.748
1460081125.872390, 284.500, 4.872, 1386.056
1460081125.872590, 283.500, 4.872, 1381.184
1460081125.872790, 285.500, 4.872, 1390.927
1460081125.872990, 284.000, 4.872, 1383.620
1460081125.873190, 284.500, 4.872, 1386.056
1460081125.873390, 284.500, 4.872, 1386.056
1460081125.873590, 286.000, 4.872, 1393.363
1460081125.873790, 288.000, 4.872, 1403.107
1460081125.873990, 290.500, 4.872, 1415.287
1460081125.874190, 293.500, 4.872, 1429.903
1460081125.874390, 292.000, 4.872, 1422.595
1460081125.874590, 292.000, 4.872, 1422.595
1460081125.874790, 295.000, 4.872, 1437.211
1460081125.874990, 296.000, 4.872, 1442.082
1460081125.875190, 295.000, 4.872, 1437.211
1460081125.875390, 296.000, 4.872, 1442.082
1460081125.875590, 295.000, 4.872, 1437.211
1460081125.875790, 294.000, 4.872, 1432.339
1460081125.875990, 300.000, 4.872, 1461.570
1460081125.876190, 286.500, 4.872, 1395.799
1460081125.876390, 286.000, 4.872, 1393.363
1460081125.876590, 286.500, 4.872, 1395.799
1460081125.876790, 285.500, 4.872, 1390.927
1460081125.876990, 286.500, 4.872, 1395.799
1460081125.877190, 285.000, 4.872, 1388.492
1460081125.877390, 286.000, 4.872, 1393.363
1460081125.877590, 287.000, 4.872, 1398.235
1460081125.877790, 288.000, 4.872, 1403.107
1460081125.877990, 288.000, 4.872, 1403.107
1460081125.878190, 288.000, 4.872, 1403.107
1460081125.878390, 286.500, 4.872, 1395.799
1460081125.878590, 286.000, 4.872, 1393.363
1460081125.878790, 285.500, 4.872, 1390.927
1460081125.878990, 286.000, 4.872, 1393.363
1460081125.879190, 286.000, 4.872, 1393.363
1460081125.879390, 286.000, 4.872, 1393.363
1460081125.879590, 285.500, 4.872, 1390.927
1460081125.879790, 284.500, 4.872, 1386.056
1460081125.879990, 285.500, 4.872, 1390.927
1460081125.880190, 286.000, 4.872, 1393.363
1460081125.880390, 286.000, 4.872, 1393.363
1460081125.880590, 284.500, 4.872, 1386.056
1460081125.880790, 286.000, 4.872, 1393.363
1460081125.880990, 287.000, 4.872, 1398.235
1460081125.881190, 285.500, 4.872, 1390.927
1460081125.881390, 283.500, 4.872, 1381.184
1460081125.881590, 285.000, 4.872, 1388.492
1460081125.881790, 288.500, 4.872, 1405.543
1460081125.881990, 287.000, 4.872, 1398.235
1460081125.882190, 285.000, 4.872, 1388.492
1460081125.882390, 286.500, 4.872, 1395.799
1460081125.882590, 286.000, 4.872, 1393.363
1460081125.882790, 287.000, 4.872, 1398.235
1460081125.882990, 286.000, 4.872, 1393.363
1460081125.883190, 285.500, 4.872, 1390.927
1460081125.883390, 285.000, 4.872, 1388.492
1460081125.883590, 287.500, 4.872, 1400.671
1460081125.883790, 288.000, 4.872, 1403.107
1460081125.883990, 288.500, 4.872, 1405.543
1460081125.884190, 287.000, 4.872, 1398.235
1460081125.884390, 286.500, 4.872, 1395.799
1460081125.884590, 286.000, 4.872, 1393.363
1460081125.884790, 285.500, 4.872, 1390.927
1460081125.884990, 285.500, 4.872, 1390.927
1460081125.885190, 284.500, 4.872, 1386.056
1460081125.885390, 284.500, 4.872, 1386.056
1460081125.885590, 284.500, 4.872, 1386.056
1460081125.885790, 285.000, 4.872, 1388.492
1460081125.885990, 285.500, 4.872, 1390.927
1460081125.886190, 284.500, 4.872, 1386.056
1460081125.886390, 286.000, 4.872, 1393.363
1460081125.886590, 286.000, 4.872, 1393.363
1460081125.886790, 286.000, 4.872, 1393.363
1460081125.886990, 286.000, 4.872, 1393.363
1460081125.887190, 285.500, 4.872, 1390.927
1460081125.887390, 285.000, 4.872, 1388.492
1460081125.887590, 286.000, 4.872, 1393.363
1460081125.887790, 286.000, 4.872, 1393.363
1460081125.887990, 286.000, 4.872, 1393.363
1460081125.888190, 289.000, 4.872, 1407.979
1460081125.888390, 299.500, 4.872, 1459.134
1460081125.888590, 290.000, 4.872, 1412.851
1460081125.888790, 288.500, 4.872, 1405.543
1460081125.888990, 286.000, 4.872, 1393.363
1460081125.889190, 284.500, 4.872, 1386.056
1460081125.889390, 286.000, 4.872, 1393.363
1460081125.889590, 287.000, 4.872, 1398.235
1460081125.889790, 289.500, 4.872, 1410.415
1460081125.889990, 285.500, 4.872, 1390.927
1460081125.890190, 282.000, 4.872, 1373.876
1460081125.890390, 287.000, 4.872, 1398.235
1460081125.890590, 286.500, 4.872, 1395.799
1460081125.890790, 285.500, 4.872, 1390.927
1460081125.890990, 285.500, 4.872, 1390.927
1460081125.891190, 285.000, 4.872, 1388.492
1460081125.891390, 285.500, 4.872, 1390.927
1460081125.891590, 287.000, 4.872, 1398.235
1460081125.891790, 287.500, 4.872, 1400.671
1460081125.891990, 292.500, 4.872, 1425.031
1460081125.892190, 295.000, 4.872, 1437.211
1460081125.892390, 292.000, 4.872, 1422.595
1460081125.892590, 291.500, 4.872, 1420.159
1460081125.892790, 297.000, 4.872, 1446.954
1460081125.892990, 298.000, 4.872, 1451.826
1460081125.893190, 295.000, 4.872, 1437.211
1460081125.893390, 296.500, 4.872, 1444.518
1460081125.893590, 294.500, 4.872, 1434.775
1460081125.893790, 292.000, 4.872, 1422.595
1460081125.893990, 296.500, 4.872, 1444.518
1460081125.894190, 284.000, 4.872, 1383.620
1460081125.894390, 287.500, 4.872, 1400.671
1460081125.894590, 286.500, 4.872, 1395.799
1460081125.894790, 285.500, 4.872, 1390.927
1460081125.894990, 285.500, 4.872, 1390.927
1460081125.895190, 284.000, 4.872, 1383.620
1460081125.895390, 286.500, 4.872, 1395.799
1460081125.895590, 286.500, 4.872, 1395.799
1460081125.895790, 286.000, 4.872, 1393.363
1460081125.895990, 286.000, 4.872, 1393.363
1460081125.896190, 284.500, 4.872, 1386.056
1460081125.896390, 286.000, 4.872, 1393.363
1460081125.896590, 285.000, 4.872, 1388.492
1460081125.896790, 285.000, 4.872, 1388.492
1460081125.896990, 285.000, 4.872, 1388.492
1460081125.897190, 284.500, 4.872, 1386.056
1460081125.897390, 284.000, 4.872, 1383.620
1460081125.897590, 285.500, 4.872, 1390.927
1460081125.897790, 288.000, 4.872, 1403.107
1460081125.897990, 285.500, 4.872, 1390.927
1460081125.898190, 284.500, 4.872, 1386.056
1460081125.898390, 284.500, 4.872, 1386.056
1460081125.898590, 284.500, 4.872, 1386.056
1460081125.898790, 284.500, 4.872, 1386.056
1460081125.898990, 284.500, 4.872, 1386.056
1460081125.899190, 283.500, 4.872, 1381.184
1460081125.899390, 285.000, 4.872, 1388.492
1460081125.899590, 287.000, 4.872, 1398.235
1460081125.899790, 287.000, 4.872, 1398.235
1460081125.899990, 287.000, 4.872, 1398.235
1460081125.900190, 288.500, 4.872, 1405.543
1460081125.900390, 287.000, 4.872, 1398.235
1460081125.900590, 286.000, 4.872, 1393.363
1460081125.900790, 285.500, 4.872, 1390.927
1460081125.900990, 285.500, 4.872, 1390.927
1460081125.901190, 284.000, 4.872, 1383.620
1460081125.901390, 286.000, 4.872, 1393.363
1460081125.901590, 285.000, 4.872, 1388.492
1460081125.901790, 282.500, 4.872, 1376.312
1460081125.901990, 286.000, 4.872, 1393.363
1460081125.902190, 286.500, 4.872, 1395.799
1460081125.902390, 287.500, 4.872, 1400.671
1460081125.902590, 285.500, 4.872, 1390.927
1460081125.902790, 285.000, 4.872, 1388.492
1460081125.902990, 285.000, 4.872, 1388.492
1460081125.903190, 284.000, 4.872, 1383.620
1460081125.903390, 283.500, 4.872, 1381.184
1460081125.903590, 286.000, 4.872, 1393.363
1460081125.903790, 285.500, 4.872, 1390.927
1460081125.903990, 286.000, 4.872, 1393.363
1460081125.904190, 285.500, 4.872, 1390.927
1460081125.904390, 287.000, 4.872, 1398.235
1460081125.904590, 286.500, 4.872, 1395.799
1460081125.904790, 286.000, 4.872, 1393.363
1460081125.904990, 284.500, 4.872, 1386.056
1460081125.905190, 285.000, 4.872, 1388.492
1460081125.905390, 285.500, 4.872, 1390.927
1460081125.905590, 286.500, 4.872, 1395.799
1460081125.905790, 288.500, 4.872, 1405.543
1460081125.905990, 286.500, 4.872, 1395.799
1460081125.906190, 284.000, 4.872, 1383.620
1460081125.906390, 283.000, 4.872, 1378.748
1460081125.906590, 283.000, 4.872, 1378.748
1460081125.906790, 283.000, 4.872, 1378.748
1460081125.906990, 283.500, 4.872, 1381.184
1460081125.907190, 283.000, 4.872, 1378.748
1460081125.907390, 283.000, 4.872, 1378.748
1460081125.907590, 285.500, 4.872, 1390.927
1460081125.907790, 287.000, 4.872, 1398.235
1460081125.907990, 287.500, 4.872, 1400.671
1460081125.908190, 286.000, 4.872, 1393.363
1460081125.908390, 285.000, 4.872, 1388.492
1460081125.908590, 285.000, 4.872, 1388.492
1460081125.908790, 286.000, 4.872, 1393.363
1460081125.908990, 286.000, 4.872, 1393.363
1460081125.909190, 286.000, 4.872, 1393.363
1460081125.909390, 286.000, 4.872, 1393.363
1460081125.909590, 285.500, 4.872, 1390.927
1460081125.909790, 286.000, 4.872, 1393.363
1460081125.909990, 289.000, 4.872, 1407.979
1460081125.910190, 293.000, 4.872, 1427.467
1460081125.910390, 291.000, 4.872, 1417.723
1460081125.910590, 292.000, 4.872, 1422.595
1460081125.910790, 296.000, 4.872, 1442.082
1460081125.910990, 297.500, 4.872, 1449.390
1460081125.911190, 295.000, 4.872, 1437.211
1460081125.911390, 295.500, 4.872, 1439.646
1460081125.911590, 294.500, 4.872, 1434.775
1460081125.911790, 292.500, 4.872, 1425.031
1460081125.911990, 296.500, 4.872, 1444.518
1460081125.912190, 284.500, 4.872, 1386.056
1460081125.912390, 286.000, 4.872, 1393.363
1460081125.912590, 285.500, 4.872, 1390.927
1460081125.912790, 286.000, 4.872, 1393.363
1460081125.912990, 286.000, 4.872, 1393.363
1460081125.913190, 285.500, 4.872, 1390.927
1460081125.913390, 285.000, 4.872, 1388.492
1460081125.913590, 287.000, 4.872, 1398.235
1460081125.913790, 288.500, 4.872, 1405.543
1460081125.913990, 287.000, 4.872, 1398.235
1460081125.914190, 285.500, 4.872, 1390.927
1460081125.914390, 286.000, 4.872, 1393.363
1460081125.914590, 285.500, 4.872, 1390.927
1460081125.914790, 285.000, 4.872, 1388.492
1460081125.914990, 284.500, 4.872, 1386.056
1460081125.915190, 284.000, 4.872, 1383.620
1460081125.915390, 285.500, 4.872, 1390.927
1460081125.915590, 287.500, 4.872, 1400.671
1460081125.915790, 287.000, 4.872, 1398.235
1460081125.915990, 289.500, 4.872, 1410.415
1460081125.916190, 288.000, 4.872, 1403.107
1460081125.916390, 285.000, 4.872, 1388.492
1460081125.916590, 284.500, 4.872, 1386.056
1460081125.916790, 283.000, 4.872, 1378.748
1460081125.916990, 284.000, 4.872, 1383.620
1460081125.917190, 282.000, 4.872, 1373.876
1460081125.917390, 287.000, 4.872, 1398.235
1460081125.917590, 287.500, 4.872, 1400.671
1460081125.917790, 285.500, 4.872, 1390.927
1460081125.917990, 284.500, 4.872, 1386.056
1460081125.918190, 284.500, 4.872, 1386.056
1460081125.918390, 284.500, 4.872, 1386.056
1460081125.918590, 284.000, 4.872, 1383.620
1460081125.918790, 284.500, 4.872, 1386.056
1460081125.918990, 284.000, 4.872, 1383.620
1460081125.919190, 284.500, 4.872, 1386.056
1460081125.919390, 284.500, 4.872, 1386.056
1460081125.919590, 284.500, 4.872, 1386.056
1460081125.919790, 284.000, 4.872, 1383.620
1460081125.919990, 283.500, 4.872, 1381.184
1460081125.920190, 285.500, 4.872, 1390.927
1460081125.920390, 287.000, 4.872, 1398.235
1460081125.920590, 286.000, 4.872, 1393.363
1460081125.920790, 285.500, 4.872, 1390.927
1460081125.920990, 285.500, 4.872, 1390.927
1460081125.921190, 285.000, 4.872, 1388.492
1460081125.921390, 285.500, 4.872, 1390.927
1460081125.921590, 288.000, 4.872, 1403.107
1460081125.921790, 289.500, 4.872, 1410.415
1460081125.921990, 286.500, 4.872, 1395.799
1460081125.922190, 285.500, 4.872, 1390.927
1460081125.922390, 284.500, 4.872, 1386.056
1460081125.922590, 284.500, 4.872, 1386.056
1460081125.922790, 285.500, 4.872, 1390.927
1460081125.922990, 284.500, 4.872, 1386.056
1460081125.923190, 284.000, 4.872, 1383.620
1460081125.923390, 284.500, 4.872, 1386.056
1460081125.923590, 285.000, 4.872, 1388.492
1460081125.923790, 285.500, 4.872, 1390.927
1460081125.923990, 286.500, 4.872, 1395.799
1460081125.924190, 286.000, 4.872, 1393.363
1460081125.924390, 285.000, 4.872, 1388.492
1460081125.924590, 285.500, 4.872, 1390.927
1460081125.924790, 285.000, 4.872, 1388.492
1460081125.924990, 284.500, 4.872, 1386.056
1460081125.925190, 285.000, 4.872, 1388.492
1460081125.925390, 284.500, 4.872, 1386.056
1460081125.925590, 285.000, 4.872, 1388.492
1460081125.925790, 284.500, 4.872, 1386.056
1460081125.925990, 285.000, 4.872, 1388.492
1460081125.926190, 284.500, 4.872, 1386.056
1460081125.926390, 285.000, 4.872, 1388.492
1460081125.926590, 284.500, 4.872, 1386.056
1460081125.926790, 284.500, 4.872, 1386.056
1460081125.926990, 284.500, 4.872, 1386.056
1460081125.927190, 285.000, 4.872, 1388.492
1460081125.927390, 285.500, 4.872, 1390.927
1460081125.927590, 286.500, 4.872, 1395.799
1460081125.927790, 286.500, 4.872, 1395.799
1460081125.927990, 289.500, 4.872, 1410.415
1460081125.928190, 293.000, 4.872, 1427.467
1460081125.928390, 292.000, 4.872, 1422.595
1460081125.928590, 292.500, 4.872, 1425.031
1460081125.928790, 296.000, 4.872, 1442.082
1460081125.928990, 297.000, 4.872, 1446.954
1460081125.929190, 295.000, 4.872, 1437.211
1460081125.929390, 295.500, 4.872, 1439.646
1460081125.929590, 295.500, 4.872, 1439.646
1460081125.929790, 295.000, 4.872, 1437.211
1460081125.929990, 297.500, 4.872, 1449.390
1460081125.930190, 284.500, 4.872, 1386.056
1460081125.930390, 285.500, 4.872, 1390.927
1460081125.930590, 284.500, 4.872, 1386.056
1460081125.930790, 285.000, 4.872, 1388.492
1460081125.930990, 285.000, 4.872, 1388.492
1460081125.931190, 284.000, 4.872, 1383.620
1460081125.931390, 285.500, 4.872, 1390.927
1460081125.931590, 286.000, 4.872, 1393.363
1460081125.931790, 287.000, 4.872, 1398.235
1460081125.931990, 287.500, 4.872, 1400.671
1460081125.932190, 286.500, 4.872, 1395.799
1460081125.932390, 285.500, 4.872, 1390.927
1460081125.932590, 285.000, 4.872, 1388.492
1460081125.932790, 285.000, 4.872, 1388.492
1460081125.932990, 286.000, 4.872, 1393.363
1460081125.933190, 304.500, 4.872, 1483.494
1460081125.933390, 291.500, 4.872, 1420.159
1460081125.933590, 286.000, 4.872, 1393.363
1460081125.933790, 285.500, 4.872, 1390.927
1460081125.933990, 285.500, 4.872, 1390.927
1460081125.934190, 282.500, 4.872, 1376.312
1460081125.934390, 289.500, 4.872, 1410.415
1460081125.934590, 288.500, 4.872, 1405.543
1460081125.934790, 286.500, 4.872, 1395.799
1460081125.934990, 285.500, 4.872, 1390.927
1460081125.935190, 284.500, 4.872, 1386.056
1460081125.935390, 285.500, 4.872, 1390.927
1460081125.935590, 285.500, 4.872, 1390.927
1460081125.935790, 285.500, 4.872, 1390.927
1460081125.935990, 285.500, 4.872, 1390.927
1460081125.936190, 286.000, 4.872, 1393.363
1460081125.936390, 285.000, 4.872, 1388.492
1460081125.936590, 285.000, 4.872, 1388.492
1460081125.936790, 285.000, 4.872, 1388.492
1460081125.936990, 285.000, 4.872, 1388.492
1460081125.937190, 284.500, 4.872, 1386.056
1460081125.937390, 284.500, 4.872, 1386.056
1460081125.937590, 286.000, 4.872, 1393.363
1460081125.937790, 291.000, 4.872, 1417.723
1460081125.937990, 286.500, 4.872, 1395.799
1460081125.938190, 284.500, 4.872, 1386.056
1460081125.938390, 284.000, 4.872, 1383.620
1460081125.938590, 284.500, 4.872, 1386.056
1460081125.938790, 285.500, 4.872, 1390.927
1460081125.938990, 284.000, 4.872, 1383.620
1460081125.939190, 283.000, 4.872, 1378.748
1460081125.939390, 284.000, 4.872, 1383.620
1460081125.939590, 284.500, 4.872, 1386.056
1460081125.939790, 285.000, 4.872, 1388.492
1460081125.939990, 286.000, 4.872, 1393.363
1460081125.940190, 285.000, 4.872, 1388.492
1460081125.940390, 283.500, 4.872, 1381.184
1460081125.940590, 283.000, 4.872, 1378.748
1460081125.940790, 283.000, 4.872, 1378.748
1460081125.940990, 284.500, 4.872, 1386.056
1460081125.941190, 284.500, 4.872, 1386.056
1460081125.941390, 284.500, 4.872, 1386.056
1460081125.941590, 284.500, 4.872, 1386.056
1460081125.941790, 284.500, 4.872, 1386.056
1460081125.941990, 284.500, 4.872, 1386.056
1460081125.942190, 284.500, 4.872, 1386.056
1460081125.942390, 284.500, 4.872, 1386.056
1460081125.942590, 285.000, 4.872, 1388.492
1460081125.942790, 285.500, 4.872, 1390.927
1460081125.942990, 285.500, 4.872, 1390.927
1460081125.943190, 285.000, 4.872, 1388.492
1460081125.943390, 284.500, 4.872, 1386.056
1460081125.943590, 284.500, 4.872, 1386.056
1460081125.943790, 284.500, 4.872, 1386.056
1460081125.943990, 284.000, 4.872, 1383.620
1460081125.944190, 285.500, 4.872, 1390.927
1460081125.944390, 286.000, 4.872, 1393.363
1460081125.944590, 285.000, 4.872, 1388.492
1460081125.944790, 284.500, 4.872, 1386.056
1460081125.944990, 284.500, 4.872, 1386.056
1460081125.945190, 285.000, 4.872, 1388.492
1460081125.945390, 285.000, 4.872, 1388.492
1460081125.945590, 286.000, 4.872, 1393.363
1460081125.945790, 295.000, 4.872, 1437.211
1460081125.945990, 291.000, 4.872, 1417.723
1460081125.946190, 293.000, 4.872, 1427.467
1460081125.946390, 290.000, 4.872, 1412.851
1460081125.946590, 293.000, 4.872, 1427.467
1460081125.946790, 297.500, 4.872, 1449.390
1460081125.946990, 297.500, 4.872, 1449.390
1460081125.947190, 296.000, 4.872, 1442.082
1460081125.947390, 296.000, 4.872, 1442.082
1460081125.947590, 297.000, 4.872, 1446.954
1460081125.947790, 295.500, 4.872, 1439.646
1460081125.947990, 299.500, 4.872, 1459.134
1460081125.948190, 287.500, 4.872, 1400.671
1460081125.948390, 288.000, 4.872, 1403.107
1460081125.948590, 285.000, 4.872, 1388.492
1460081125.948790, 285.000, 4.872, 1388.492
1460081125.948990, 284.500, 4.872, 1386.056
1460081125.949190, 284.500, 4.872, 1386.056
1460081125.949390, 284.000, 4.872, 1383.620
1460081125.949590, 284.500, 4.872, 1386.056
1460081125.949790, 284.500, 4.872, 1386.056
1460081125.949990, 284.000, 4.872, 1383.620
1460081125.950190, 283.000, 4.872, 1378.748
1460081125.950390, 285.500, 4.872, 1390.927
1460081125.950590, 285.000, 4.872, 1388.492
1460081125.950790, 284.000, 4.872, 1383.620
1460081125.950990, 284.500, 4.872, 1386.056
1460081125.951190, 284.500, 4.872, 1386.056
1460081125.951390, 285.000, 4.872, 1388.492
1460081125.951590, 286.000, 4.872, 1393.363
1460081125.951790, 286.500, 4.872, 1395.799
1460081125.951990, 286.000, 4.872, 1393.363
1460081125.952190, 284.500, 4.872, 1386.056
1460081125.952390, 287.000, 4.872, 1398.235
1460081125.952590, 286.500, 4.872, 1395.799
1460081125.952790, 286.500, 4.872, 1395.799
1460081125.952990, 285.500, 4.872, 1390.927
1460081125.953190, 286.000, 4.872, 1393.363
1460081125.953390, 286.500, 4.872, 1395.799
1460081125.953590, 287.000, 4.872, 1398.235
1460081125.953790, 289.000, 4.872, 1407.979
1460081125.953990, 286.000, 4.872, 1393.363
1460081125.954190, 285.500, 4.872, 1390.927
1460081125.954390, 285.500, 4.872, 1390.927
1460081125.954590, 285.000, 4.872, 1388.492
1460081125.954790, 284.000, 4.872, 1383.620
1460081125.954990, 285.000, 4.872, 1388.492
1460081125.955190, 284.000, 4.872, 1383.620
1460081125.955390, 284.000, 4.872, 1383.620
1460081125.955590, 283.500, 4.872, 1381.184
1460081125.955790, 285.500, 4.872, 1390.927
1460081125.955990, 286.500, 4.872, 1395.799
1460081125.956190, 285.500, 4.872, 1390.927
1460081125.956390, 283.000, 4.872, 1378.748
1460081125.956590, 284.000, 4.872, 1383.620
1460081125.956790, 287.000, 4.872, 1398.235
1460081125.956990, 290.500, 4.872, 1415.287
1460081125.957190, 287.500, 4.872, 1400.671
1460081125.957390, 285.500, 4.872, 1390.927
1460081125.957590, 286.000, 4.872, 1393.363
1460081125.957790, 286.500, 4.872, 1395.799
1460081125.957990, 285.500, 4.872, 1390.927
1460081125.958190, 284.500, 4.872, 1386.056
1460081125.958390, 285.500, 4.872, 1390.927
1460081125.958590, 285.000, 4.872, 1388.492
1460081125.958790, 285.000, 4.872, 1388.492
1460081125.958990, 283.500, 4.872, 1381.184
1460081125.959190, 285.500, 4.872, 1390.927
1460081125.959390, 285.000, 4.872, 1388.492
1460081125.959590, 285.000, 4.872, 1388.492
1460081125.959790, 284.500, 4.872, 1386.056
1460081125.959990, 286.000, 4.872, 1393.363
1460081125.960190, 285.500, 4.872, 1390.927
1460081125.960390, 285.500, 4.872, 1390.927
1460081125.960590, 285.000, 4.872, 1388.492
1460081125.960790, 286.000, 4.872, 1393.363
1460081125.960990, 286.000, 4.872, 1393.363
1460081125.961190, 285.500, 4.872, 1390.927
1460081125.961390, 285.000, 4.872, 1388.492
1460081125.961590, 286.500, 4.872, 1395.799
1460081125.961790, 290.000, 4.872, 1412.851
1460081125.961990, 287.000, 4.872, 1398.235
1460081125.962190, 286.000, 4.872, 1393.363
1460081125.962390, 285.000, 4.872, 1388.492
1460081125.962590, 286.000, 4.872, 1393.363
1460081125.962790, 286.000, 4.872, 1393.363
1460081125.962990, 286.000, 4.872, 1393.363
1460081125.963190, 284.500, 4.872, 1386.056
1460081125.963390, 286.000, 4.872, 1393.363
1460081125.963590, 286.500, 4.872, 1395.799
1460081125.963790, 288.000, 4.872, 1403.107
1460081125.963990, 289.500, 4.872, 1410.415
1460081125.964190, 295.000, 4.872, 1437.211
1460081125.964390, 291.500, 4.872, 1420.159
1460081125.964590, 291.500, 4.872, 1420.159
1460081125.964790, 294.000, 4.872, 1432.339
1460081125.964990, 296.000, 4.872, 1442.082
1460081125.965190, 294.500, 4.872, 1434.775
1460081125.965390, 294.500, 4.872, 1434.775
1460081125.965590, 293.000, 4.872, 1427.467
1460081125.965790, 291.500, 4.872, 1420.159
1460081125.965990, 297.000, 4.872, 1446.954
1460081125.966190, 284.000, 4.872, 1383.620
1460081125.966390, 286.000, 4.872, 1393.363
1460081125.966590, 285.000, 4.872, 1388.492
1460081125.966790, 285.000, 4.872, 1388.492
1460081125.966990, 286.000, 4.872, 1393.363
1460081125.967190, 300.000, 4.872, 1461.570
1460081125.967390, 291.500, 4.872, 1420.159
1460081125.967590, 286.500, 4.872, 1395.799
1460081125.967790, 285.500, 4.872, 1390.927
1460081125.967990, 284.500, 4.872, 1386.056
1460081125.968190, 284.000, 4.872, 1383.620
1460081125.968390, 285.000, 4.872, 1388.492
1460081125.968590, 284.500, 4.872, 1386.056
1460081125.968790, 285.000, 4.872, 1388.492
1460081125.968990, 284.000, 4.872, 1383.620
1460081125.969190, 284.000, 4.872, 1383.620
1460081125.969390, 284.500, 4.872, 1386.056
1460081125.969590, 285.000, 4.872, 1388.492
1460081125.969790, 288.500, 4.872, 1405.543
1460081125.969990, 286.500, 4.872, 1395.799
1460081125.970190, 286.000, 4.872, 1393.363
1460081125.970390, 284.500, 4.872, 1386.056
1460081125.970590, 284.000, 4.872, 1383.620
1460081125.970790, 284.000, 4.872, 1383.620
1460081125.970990, 285.000, 4.872, 1388.492
1460081125.971190, 285.000, 4.872, 1388.492
1460081125.971390, 285.000, 4.872, 1388.492
1460081125.971590, 286.000, 4.872, 1393.363
1460081125.971790, 286.500, 4.872, 1395.799
1460081125.971990, 288.000, 4.872, 1403.107
1460081125.972190, 287.500, 4.872, 1400.671
1460081125.972390, 285.000, 4.872, 1388.492
1460081125.972590, 284.500, 4.872, 1386.056
1460081125.972790, 285.500, 4.872, 1390.927
1460081125.972990, 285.500, 4.872, 1390.927
1460081125.973190, 284.000, 4.872, 1383.620
1460081125.973390, 284.000, 4.872, 1383.620
1460081125.973590, 284.500, 4.872, 1386.056
1460081125.973790, 284.000, 4.872, 1383.620
1460081125.973990, 284.500, 4.872, 1386.056
1460081125.974190, 284.500, 4.872, 1386.056
1460081125.974390, 285.000, 4.872, 1388.492
1460081125.974590, 285.000, 4.872, 1388.492
1460081125.974790, 285.000, 4.872, 1388.492
1460081125.974990, 285.000, 4.872, 1388.492
1460081125.975190, 286.000, 4.872, 1393.363
1460081125.975390, 286.000, 4.872, 1393.363
1460081125.975590, 286.000, 4.872, 1393.363
1460081125.975790, 286.000, 4.872, 1393.363
1460081125.975990, 286.000, 4.872, 1393.363
1460081125.976190, 286.000, 4.872, 1393.363
1460081125.976390, 286.000, 4.872, 1393.363
1460081125.976590, 286.000, 4.872, 1393.363
1460081125.976790, 286.000, 4.872, 1393.363
1460081125.976990, 285.500, 4.872, 1390.927
1460081125.977190, 286.000, 4.872, 1393.363
1460081125.977390, 292.500, 4.872, 1425.031
1460081125.977590, 289.000, 4.872, 1407.979
1460081125.977790, 290.000, 4.872, 1412.851
1460081125.977990, 287.000, 4.872, 1398.235
1460081125.978190, 285.500, 4.872, 1390.927
1460081125.978390, 286.000, 4.872, 1393.363
1460081125.978590, 285.500, 4.872, 1390.927
1460081125.978790, 285.500, 4.872, 1390.927
1460081125.978990, 285.500, 4.872, 1390.927
1460081125.979190, 284.500, 4.872, 1386.056
1460081125.979390, 286.000, 4.872, 1393.363
1460081125.979590, 286.500, 4.872, 1395.799
1460081125.979790, 287.500, 4.872, 1400.671
1460081125.979990, 287.500, 4.872, 1400.671
1460081125.980190, 286.000, 4.872, 1393.363
1460081125.980390, 285.500, 4.872, 1390.927
1460081125.980590, 284.500, 4.872, 1386.056
1460081125.980790, 285.500, 4.872, 1390.927
1460081125.980990, 286.000, 4.872, 1393.363
1460081125.981190, 285.500, 4.872, 1390.927
1460081125.981390, 286.000, 4.872, 1393.363
1460081125.981590, 286.000, 4.872, 1393.363
1460081125.981790, 285.500, 4.872, 1390.927
1460081125.981990, 289.000, 4.872, 1407.979
1460081125.982190, 292.500, 4.872, 1425.031
1460081125.982390, 291.500, 4.872, 1420.159
1460081125.982590, 291.000, 4.872, 1417.723
1460081125.982790, 294.500, 4.872, 1434.775
1460081125.982990, 296.000, 4.872, 1442.082
1460081125.983190, 294.000, 4.872, 1432.339
1460081125.983390, 294.000, 4.872, 1432.339
1460081125.983590, 294.500, 4.872, 1434.775
1460081125.983790, 292.000, 4.872, 1422.595
1460081125.983990, 296.000, 4.872, 1442.082
1460081125.984190, 282.500, 4.872, 1376.312
1460081125.984390, 286.000, 4.872, 1393.363
1460081125.984590, 285.500, 4.872, 1390.927
1460081125.984790, 286.000, 4.872, 1393.363
1460081125.984990, 285.000, 4.872, 1388.492
1460081125.985190, 284.500, 4.872, 1386.056
1460081125.985390, 285.000, 4.872, 1388.492
1460081125.985590, 285.500, 4.872, 1390.927
1460081125.985790, 288.000, 4.872, 1403.107
1460081125.985990, 286.000, 4.872, 1393.363
1460081125.986190, 285.000, 4.872, 1388.492
1460081125.986390, 284.500, 4.872, 1386.056
1460081125.986590, 284.500, 4.872, 1386.056
1460081125.986790, 285.000, 4.872, 1388.492
1460081125.986990, 285.000, 4.872, 1388.492
1460081125.987190, 284.500, 4.872, 1386.056
1460081125.987390, 285.000, 4.872, 1388.492
1460081125.987590, 285.500, 4.872, 1390.927
1460081125.987790, 287.500, 4.872, 1400.671
1460081125.987990, 287.500, 4.872, 1400.671
1460081125.988190, 286.000, 4.872, 1393.363
1460081125.988390, 287.000, 4.872, 1398.235
1460081125.988590, 297.500, 4.872, 1449.390
1460081125.988790, 290.500, 4.872, 1415.287
1460081125.988990, 285.500, 4.872, 1390.927
1460081125.989190, 283.500, 4.872, 1381.184
1460081125.989390, 285.000, 4.872, 1388.492
1460081125.989590, 286.000, 4.872, 1393.363
1460081125.989790, 285.500, 4.872, 1390.927
1460081125.989990, 284.500, 4.872, 1386.056
1460081125.990190, 284.000, 4.872, 1383.620
1460081125.990390, 284.500, 4.872, 1386.056
1460081125.990590, 284.500, 4.872, 1386.056
1460081125.990790, 284.000, 4.872, 1383.620
1460081125.990990, 284.500, 4.872, 1386.056
1460081125.991190, 284.000, 4.872, 1383.620
1460081125.991390, 285.500, 4.872, 1390.927
1460081125.991590, 284.000, 4.872, 1383.620
1460081125.991790, 285.500, 4.872, 1390.927
1460081125.991990, 285.500, 4.872, 1390.927
1460081125.992190, 285.500, 4.872, 1390.927
1460081125.992390, 285.500, 4.872, 1390.927
1460081125.992590, 285.000, 4.872, 1388.492
1460081125.992790, 285.000, 4.872, 1388.492
1460081125.992990, 286.000, 4.872, 1393.363
1460081125.993190, 285.000, 4.872, 1388.492
1460081125.993390, 284.500, 4.872, 1386.056
1460081125.993590, 285.500, 4.872, 1390.927
1460081125.993790, 288.500, 4.872, 1405.543
1460081125.993990, 286.000, 4.872, 1393.363
1460081125.994190, 285.000, 4.872, 1388.492
1460081125.994390, 286.000, 4.872, 1393.363
1460081125.994590, 285.000, 4.872, 1388.492
1460081125.994790, 284.500, 4.872, 1386.056
1460081125.994990, 284.500, 4.872, 1386.056
1460081125.995190, 282.000, 4.872, 1373.876
1460081125.995390, 284.000, 4.872, 1383.620
1460081125.995590, 286.000, 4.872, 1393.363
1460081125.995790, 287.500, 4.872, 1400.671
1460081125.995990, 287.000, 4.872, 1398.235
1460081125.996190, 286.500, 4.872, 1395.799
1460081125.996390, 284.500, 4.872, 1386.056
1460081125.996590, 284.500, 4.872, 1386.056
1460081125.996790, 286.500, 4.872, 1395.799
1460081125.996990, 285.500, 4.872, 1390.927
1460081125.997190, 284.000, 4.872, 1383.620
1460081125.997390, 296.000, 4.872, 1442.082
1460081125.997590, 295.500, 4.872, 1439.646
1460081125.997790, 288.500, 4.872, 1405.543
1460081125.997990, 286.000, 4.872, 1393.363
1460081125.998190, 284.500, 4.872, 1386.056
1460081125.998390, 285.000, 4.872, 1388.492
1460081125.998590, 284.500, 4.872, 1386.056
1460081125.998790, 284.500, 4.872, 1386.056
1460081125.998990, 284.000, 4.872, 1383.620
1460081125.999190, 284.000, 4.872, 1383.620
1460081125.999390, 284.000, 4.872, 1383.620
1460081125.999590, 284.500, 4.872, 1386.056
1460081125.999790, 284.500, 4.872, 1386.056
1460081125.999990, 287.500, 4.872, 1400.671
1460081126.000190, 290.000, 4.872, 1412.851
1460081126.000390, 291.000, 4.872, 1417.723
1460081126.000590, 292.000, 4.872, 1422.595
1460081126.000790, 292.000, 4.872, 1422.595
1460081126.000990, 297.000, 4.872, 1446.954
1460081126.001190, 295.500, 4.872, 1439.646
1460081126.001390, 298.500, 4.872, 1454.262
1460081126.001590, 297.500, 4.872, 1449.390
1460081126.001790, 298.500, 4.872, 1454.262
1460081126.001990, 299.000, 4.872, 1456.698
1460081126.002190, 284.000, 4.872, 1383.620
1460081126.002390, 286.500, 4.872, 1395.799
1460081126.002590, 286.000, 4.872, 1393.363
1460081126.002790, 285.000, 4.872, 1388.492
1460081126.002990, 286.500, 4.872, 1395.799
1460081126.003190, 285.500, 4.872, 1390.927
1460081126.003390, 285.500, 4.872, 1390.927
1460081126.003590, 287.000, 4.872, 1398.235
1460081126.003790, 288.000, 4.872, 1403.107
1460081126.003990, 288.000, 4.872, 1403.107
1460081126.004190, 287.500, 4.872, 1400.671
1460081126.004390, 287.000, 4.872, 1398.235
1460081126.004590, 286.500, 4.872, 1395.799
1460081126.004790, 286.000, 4.872, 1393.363
1460081126.004990, 285.000, 4.872, 1388.492
1460081126.005190, 284.000, 4.872, 1383.620
1460081126.005390, 285.500, 4.872, 1390.927
1460081126.005590, 285.500, 4.872, 1390.927
1460081126.005790, 286.500, 4.872, 1395.799
1460081126.005990, 287.000, 4.872, 1398.235
1460081126.006190, 287.000, 4.872, 1398.235
1460081126.006390, 284.000, 4.872, 1383.620
1460081126.006590, 284.000, 4.872, 1383.620
1460081126.006790, 284.000, 4.872, 1383.620
1460081126.006990, 284.500, 4.872, 1386.056
1460081126.007190, 283.500, 4.872, 1381.184
1460081126.007390, 283.500, 4.872, 1381.184
1460081126.007590, 285.500, 4.872, 1390.927
1460081126.007790, 286.000, 4.872, 1393.363
1460081126.007990, 286.000, 4.872, 1393.363
1460081126.008190, 286.000, 4.872, 1393.363
1460081126.008390, 286.000, 4.872, 1393.363
1460081126.008590, 286.000, 4.872, 1393.363
1460081126.008790, 286.000, 4.872, 1393.363
1460081126.008990, 286.000, 4.872, 1393.363
1460081126.009190, 286.000, 4.872, 1393.363
1460081126.009390, 285.000, 4.872, 1388.492
1460081126.009590, 285.000, 4.872, 1388.492
1460081126.009790, 289.500, 4.872, 1410.415
1460081126.009990, 288.000, 4.872, 1403.107
1460081126.010190, 285.000, 4.872, 1388.492
1460081126.010390, 284.500, 4.872, 1386.056
1460081126.010590, 284.500, 4.872, 1386.056
1460081126.010790, 284.000, 4.872, 1383.620
1460081126.010990, 284.000, 4.872, 1383.620
1460081126.011190, 284.500, 4.872, 1386.056
1460081126.011390, 284.500, 4.872, 1386.056
1460081126.011590, 285.000, 4.872, 1388.492
1460081126.011790, 287.000, 4.872, 1398.235
1460081126.011990, 287.500, 4.872, 1400.671
1460081126.012190, 287.500, 4.872, 1400.671
1460081126.012390, 285.500, 4.872, 1390.927
1460081126.012590, 285.500, 4.872, 1390.927
1460081126.012790, 285.000, 4.872, 1388.492
1460081126.012990, 286.000, 4.872, 1393.363
1460081126.013190, 285.000, 4.872, 1388.492
1460081126.013390, 285.500, 4.872, 1390.927
1460081126.013590, 285.500, 4.872, 1390.927
1460081126.013790, 285.500, 4.872, 1390.927
1460081126.013990, 286.000, 4.872, 1393.363
1460081126.014190, 286.000, 4.872, 1393.363
1460081126.014390, 286.000, 4.872, 1393.363
1460081126.014590, 285.500, 4.872, 1390.927
1460081126.014790, 285.500, 4.872, 1390.927
1460081126.014990, 285.500, 4.872, 1390.927
1460081126.015190, 286.000, 4.872, 1393.363
1460081126.015390, 285.500, 4.872, 1390.927
1460081126.015590, 285.000, 4.872, 1388.492
